Track,Artist,Plays
Hey,Pixies,39
LEMON GLOW,Beach House,34
Helicopter,Bloc Party,23
CLOUT COBAIN | CLOUT CO13A1N,Denzel Curry,23
Drunk in LA,Beach House,22
Helicopter,Deerhunter,22
Black Car,Beach House,21
Planet Telex,Radiohead,20
House of Balloons / Glass Table Girls,The Weeknd,20
Holocene,Bon Iver,20
FAKE LOVE,BTS,19
1999 WILDFIRE,BROCKHAMPTON,19
Stargazing,Travi$ Scott,18
Hangout at the Gallows,Father John Misty,17
TABOO | TA13OO,Denzel Curry,17
Street Spirit (Fade Out),Radiohead,17
Jesus Christ,Brand New,17
narashite,Haru Nemuri,17
self control,Frank Ocean,16
Sowing Season (Yeah),Brand New,16
Ghost Town,Kanye West,16
Intro: Singularity,BTS,15
Range Life,Pavement,15
Reborn,Kids See Ghosts,15
Bruma,møl,15
Like Eating Glass,Bloc Party,15
PERCS | PERCZ,Denzel Curry,15
yumewomiyou,Haru Nemuri,15
PDA,Interpol,14
These Streets Will Never Look the Same,Chromatics,14
Fake Plastic Trees,Radiohead,14
Blue Ridge Mountains,Fleet Foxes,14
Obstacle 1,Interpol,14
Blood Bank,Bon Iver,14
Bassackwards,Kurt Vile,14
Carry the Zero,Built to Spill,14
Freeee (Ghost Town Pt. 2),Kids See Ghosts,14
Wakin On A Pretty Day,Kurt Vile,14
nineteen,Haru Nemuri,14
Skinny Love,Bon Iver,13
Nude,Radiohead,13
STOP TRYING TO BE GOD,Travi$ Scott,13
Common People,Pulp,13
Gold Soundz,Pavement,13
The Wilhelm Scream,James Blake,13
Penumbra,møl,13
LOADING ZONES,Kurt Vile,13
Wicked Games,The Weeknd,13
Honeycomb,Deafheaven,13
Lua,Bright Eyes,12
SWITCH IT UP | ZWITCH 1T UP,Denzel Curry,12
The Moon,The Microphones,12
SICKO MODE,Travi$ Scott,12
Limousine,Brand New,12
Lay Me Bare,Stormzy,12
Praise The Lord (Da Shine),A$AP Rocky,12
Mayonaise - Remastered,The Smashing Pumpkins,12
Seigfried,Frank Ocean,12
nights,Frank Ocean,12
White Winter Hymnal,Fleet Foxes,12
Perth,Bon Iver,12
Cudi Montage,Kids See Ghosts,12
Telltale Signs,SoBs,12
All Mine,Kanye West,12
The Hills,The Weeknd,11
Canary Yellow,Deafheaven,11
High for This,The Weeknd,11
The Crane Wife 3,The Decemberists,11
Reckoner,Radiohead,11
"the Glow, pt. 2",The Microphones,11
What You Need,The Weeknd,11
Dream House,Deafheaven,11
Where Is My Mind?,Pixies,11
Nappy Wonder,Blood Orange,11
Flashing Lights,Kanye West,11
4th Dimension,Kids See Ghosts,11
Slide,Calvin Harris,11
Tiny Vessels,Death Cab for Cutie,11
Millstone,Brand New,10
Lazuli,Beach House,10
Myth,Beach House,10
Mykonos,Fleet Foxes,10
Title and Registration,Death Cab for Cutie,10
Catch It,Iceage,10
Helplessness Blues,Fleet Foxes,10
White Ferrari,Frank Ocean,10
Hunnybee,Unknown Mortal Orchestra,10
Fascination Street,The Cure,10
Self Care,Mac Miller,10
Heartbeats,José González,10
Wash.,Bon Iver,10
Weird Fishes/ Arpeggi,Radiohead,10
Ivy,Frank Ocean,9
Jumpsuit,Twenty One Pilots,9
Just Dumb Enough To Try,Father John Misty,9
Ladies and Gentlemen We Are Floating in Space,Spiritualized,9
Suspirium,Thom Yorke,9
BUSY / SIRENS,Saba,9
Nice For What,Drake,9
Somewhere a Judge,Hop Along,9
Scotty Pippen,YBN Cordae,9
The Echo of the World,Cloud Nothings,9
Neighborhood #1 (Tunnels),Arcade Fire,9
Flume,Bon Iver,9
Paranoid,Post Malone,9
m.A.A.d city,Kendrick Lamar,9
SKELETONS,Travi$ Scott,9
Debaser,Pixies,9
lovely (with Khalid),Billie Eilish,9
Saunter,Forth Wanderers,9
Today - Remastered,The Smashing Pumpkins,9
Never Meant,American Football,9
An Acre of Land,PJ Harvey,9
Carissa,Sun Kil Moon,9
Drunk Drivers/Killer Whales,Car Seat Headrest,8
Ragged Wood,Fleet Foxes,8
Disarray,Low,8
re:Stacks,Bon Iver,8
The Wolves (Act I and II),Bon Iver,8
Lullaby,The Cure,8
Paranoid Android,Radiohead,8
Blue Spotted Tail,Fleet Foxes,8
Two-Headed Boy Pt. 2,Neutral Milk Hotel,8
Third of May / Ōdaigahara,Fleet Foxes,8
Poison Oak,Bright Eyes,8
Bloodhail,Have a Nice Life,8
Blood on the Leaves,Kanye West,8
Drown,Cuco,8
For Emma,Bon Iver,8
Degausser,Brand New,8
This Modern Love,Bloc Party,8
Elegance,Kilo Kish,8
In Cold Blood - feat. Pusha T [Twin Shadow Version],alt-J,8
Retrograde,James Blake,8
potage,tricot,8
Michicant,Bon Iver,8
The Birds Part 1,The Weeknd,8
Wake Up,Arcade Fire,8
School Spirit,Kanye West,8
Tessellate,alt-J,8
The Hours,Beach House,8
Swimming Pools (Drank) (extended version),Kendrick Lamar,8
Motion Picture Soundtrack,Radiohead,8
TONYA,BROCKHAMPTON,8
Dive,Beach House,8
BLACK BALLOONS | 13LACK 13ALLOONZ [FEAT. TWELVE'LEN & GOLDLINK | TWELVE'LEN + GOLDL1NK],Denzel Curry,8
BLACK WALLS,Chromatics,8
The Shrine / An Argument,Fleet Foxes,8
Vengeance | Vengeance [Feat. Jpegmafia & Zillakami | Jpegmaf1a + Z1llakam1],Denzel Curry,8
The New Workout Plan,Kanye West,8
Brother Sport,Animal Collective,8
Watch (feat. Lil Uzi Vert & Kanye West),Travi$ Scott,7
WAKE UP,Travi$ Scott,7
Leave It In My Dreams,The Voidz,7
Transatlanticism,Death Cab for Cutie,7
Towers,Bon Iver,7
Disco 2000,Pulp,7
Dark Fantasy,Kanye West,7
The Morning,The Weeknd,7
When I'm with Him,Empress Of,7
LOGOUT,Saba,7
To Build a Home,The Cinematic Orchestra,7
CAROUSEL,Travi$ Scott,7
L'Inconnue,Beach House,7
To Be Alone With You,Sufjan Stevens,7
THE BLACKEST BALLOON | THE 13LACKEZT 13ALLOON,Denzel Curry,7
Desire Lines,Deerhunter,7
The Gospel of John Hurt,alt-J,7
Fire,Kids See Ghosts,7
Storm,Godspeed You! Black Emperor,7
Burnt Out Star,Pond,7
Gouge Away,Pixies,7
Stronger,Kanye West,7
My Girls,Animal Collective,7
Old Friends,Pinegrove,7
So Here We Are,Bloc Party,7
No Angel,Charli XCX,7
New Slang,The Shins,7
All of the Lights,Kanye West,7
Lose Your Smile,Beach House,7
Slow dancing in the dark,Joji,7
Oh Comely,Neutral Milk Hotel,7
Monkey Gone to Heaven,Pixies,7
RENTAL,BROCKHAMPTON,7
Age Of Consent - 2015 Remastered Version,New Order,7
MAD I GOT IT | MAD 1 GOT 1T,Denzel Curry,7
Rebellion (Lies),Arcade Fire,7
YOSEMITE,Travi$ Scott,7
Pink + White,Frank Ocean,7
Sky Full Of Song,Florence + the Machine,7
High and Dry,Radiohead,6
Pain Killer,Iceage,6
Feel the Love,Kids See Ghosts,6
Breadwinner,Everything Everything,6
The Birds Part 2,The Weeknd,6
ASTROTHUNDER,Travi$ Scott,6
Into the Black,Chromatics,6
Daggers of Black Haze,At the Gates,6
Surface,Bonobo,6
Falling Into Me,Let's Eat Grandma,6
Rank & File,Moses Sumney,6
Lump Sum,Bon Iver,6
Teen Age Riot (album version),Sonic Youth,6
What's the Use?,Mac Miller,6
In My View,Young Fathers,6
Wave of Mutilation,Pixies,6
Bubblin,Anderson .Paak,6
Your Hand in Mine,Explosions in the Sky,6
Girl of the Year,Beach House,6
We Own the Sky,M83,6
You Won't Know,Brand New,6
Runaway,Kanye West,6
Compliments,Bloc Party,6
Rosebud,U.S. Girls,6
Teardrop,Massive Attack,6
If We Were Vampires,Jason Isbell and The 400 Unit,6
SIRENS | Z1RENZ [FEAT. J.I.D | J.1.D],Denzel Curry,6
Come Together,Spiritualized,6
Over Everything,Courtney Barnett,6
Welcome to Bangkok,Brand New,6
CASH MANIAC | CAZH MAN1AC [FEAT. NYYJERYA],Denzel Curry,6
FACE,BROCKHAMPTON,6
JUNKY,BROCKHAMPTON,6
kick in the world,Harunemuri,6
Two Weeks,Grizzly Bear,6
No Reason,Bonobo,6
Pink Matter,Frank Ocean,6
Tiger Mountain Peasant Song,Fleet Foxes,6
16 Military Wives,The Decemberists,6
Pure Comedy,Father John Misty,6
Power,Kanye West,6
Last Dance,The Cure,6
Dreams - Remastered,Fleetwood Mac,6
Last Ride,Beach House,6
Solo,Frank Ocean,6
Disappointing Diamonds Are The Rarest Of Them All,Father John Misty,6
Woo,Beach House,6
Catflap,SoBs,6
Learn How to Watch (feat. MAC MILLER & MadeinTYO),Carnage,6
Woods,Bon Iver,6
Lovesong - Remastered,The Cure,6
Kim & Jessie,M83,6
Change (In the House of Flies) - In The House Of Flies LP Version,Deftones,6
Banquet,Bloc Party,6
J'OUVERT,BROCKHAMPTON,6
Think I'm Still In Love With You,Joyce Manor,6
How Simple,Hop Along,6
Dead,Pixies,6
Bloodflood,alt-J,6
I Want Wind to Blow,The Microphones,6
'Til It's Over,Anderson .Paak,6
R.I.P. SCREW,Travi$ Scott,6
Charcoal Baby,Blood Orange,6
Here Comes Your Man,Pixies,5
SUPER SAIYAN SUPERMAN | ZUPER ZA1YAN ZUPERMAN,Denzel Curry,5
Gorgeous,Kanye West,5
SUMO | ZUMO,Denzel Curry,5
Grown Ocean,Fleet Foxes,5
harutosyura,Haru Nemuri,5
Glint,Deafheaven,5
lostplanet,Haru Nemuri,5
All of the Lights (Interlude),Kanye West,5
Say It Ain't So,Weezer,5
Go Your Own Way - 2004 Remastered Edition,Fleetwood Mac,5
Real Friends,Kanye West,5
Vertigo,Deafheaven,5
"Two Steps, Twice",Foals,5
Eventually,Tame Impala,5
This Is America,Childish Gambino,5
Pictures,Benjamin Francis Leftwich,5
Decks Dark,Radiohead,5
Two-Headed Boy,Neutral Milk Hotel,5
Demise Automation,Vein,5
Dust to Dust,Chromatics,5
The Party & the After Party,The Weeknd,5
Pyramids,Frank Ocean,5
zzz pt.ⅰ,Haru Nemuri,5
Digital Bath,Deftones,5
Prayers for Rain,The Cure,5
(Joe Gets Kicked Out of School for Using) Drugs With Friends (But Says This Isn't a Problem),Car Seat Headrest,5
Prior Things,Hop Along,5
Daydreaming,Radiohead,5
Ultralight Beam,Kanye West,5
Exit Music (For a Film) (Remastered),Radiohead,5
Expo '86,Death Cab for Cutie,5
underground,Haru Nemuri,5
the dead flag blues,Godspeed You! Black Emperor,5
Daily Routine,Animal Collective,5
Then Again,Pinegrove,5
solo (reprise),Frank Ocean,5
5% TINT,Travi$ Scott,5
Fitzpleasure,alt-J,5
The Truth Untold,BTS,5
Fool's Errand,Fleet Foxes,5
Other People,Beach House,5
Creature Fear,Bon Iver,5
Vakuum,møl,5
The Rover,Interpol,5
Nevermine,Forth Wanderers,5
Song 2 - 2012 Remastered Version,Blur,5
Pristine,Snail Mail,5
Monster,Kanye West,5
Stella Was a Diver and She Was Always Down,Interpol,5
Kill for Love,Chromatics,5
Kept Woman,Fleet Foxes,5
I Don't Dance,Birds in Row,5
Tame,Pixies,5
Losing My Religion,R.E.M.,5
I Need A Forest Fire,James Blake,5
Smother,Daughter,5
Bum Bum Bum,Cass McCombs,5
Blindsided,Bon Iver,5
IMMATERIAL,Sophie,5
Storm,møl,5
BLACK METAL TERRORIST | 13 M T,Denzel Curry,5
"Bloodflood, Part II",alt-J,5
You Appearing,M83,5
Bloom (Online Bonus Track),The Paper Kites,5
BLEACH,BROCKHAMPTON,5
Ballad Of The Dying Man,Father John Misty,5
Broken Mirrors,Chromatics,5
Low Life,Future,5
In Circles,Sunny Day Real Estate,5
Skin of the Night,M83,5
Breezeblocks,alt-J,5
Welcome to the Black Parade,My Chemical Romance,5
In the Aeroplane Over the Sea,Neutral Milk Hotel,5
Sunbather,Deafheaven,5
Backseat (feat. Carly Rae Jepsen),Charli XCX,5
When the Levee Breaks,Led Zeppelin,5
Survival,TesseracT,5
Lorelai,Fleet Foxes,5
Shut Up,Stormzy,5
Mr. Tillman,Father John Misty,5
NO BYSTANDERS,Travi$ Scott,5
Candy,Chromatics,5
Seven,Sunny Day Real Estate,5
Aphasia,Pinegrove,5
Leaf House,Animal Collective,5
Last Nite,The Strokes,5
How to Disappear Completely,Radiohead,5
Lady,Chromatics,5
X (with 2 Chainz & Saudi),ScHoolboy Q,5
Calgary,Bon Iver,5
Little Dark Age,MGMT,5
Cadmium,Pinegrove,5
Montezuma,Fleet Foxes,5
NYC,Interpol,5
Telefony,Have a Nice Life,5
Zebra,Beach House,5
Pretty Sweet,Frank Ocean,4
Pretty Pimpin,Kurt Vile,4
Something Changed,Pulp,4
Isles,Fleet Foxes,4
Too Real,Fidlar,4
"Slow Dancing in a Burning Room - Live at the Nokia Theatre, Los Angeles, CA - December 2007",John Mayer,4
Sun It Rises,Fleet Foxes,4
Passenger Seat,Death Cab for Cutie,4
There's a Light Out On the Horizon,Chromatics,4
Famous,Kanye West,4
F.E.E.L.I.N.G.C.A.L.L.E.D.L.O.V.E.,Pulp,4
Levitate,Twenty One Pilots,4
Pioneers,Bloc Party,4
Powerglide (feat. Juicy J),Rae Sremmurd,4
Starboy,The Weeknd,4
Live Bed Show,Pulp,4
King and Lionheart,Of Monsters and Men,4
Kids See Ghosts,Kids See Ghosts,4
Interstate Love Song,Stone Temple Pilots,4
Pictures of You,The Cure,4
Pynk (feat. Grimes),Janelle Monáe,4
Just,Radiohead,4
Love/Paranoia,Tame Impala,4
Ladders,Mac Miller,4
Smells Like Teen Spirit,Nirvana,4
Positive Tension,Bloc Party,4
Someone You'd Admire,Fleet Foxes,4
Look Alive (feat. Drake),BlocBoy JB,4
Track 10,Charli XCX,4
Sleep,Godspeed You! Black Emperor,4
Never Fight A Man With A Perm,Idles,4
The day the music dies,Iceage,4
Skyline To,Frank Ocean,4
Godspeed,Frank Ocean,4
Going to California,Led Zeppelin,4
I Am All That I Need / Arroyo Seco / Thumbprint Scar,Fleet Foxes,4
The Killing Moon,Echo & the Bunnymen,4
Hurt,Nine Inch Nails,4
Graveyard Girl,M83,4
"Gravity - Live at the Nokia Theatre, Los Angeles, CA - December 2007",John Mayer,4
Not the Sun,Brand New,4
HOUSTONFORNICATION,Travi$ Scott,4
The Engine Driver,The Decemberists,4
The Eleventh Hour,Chromatics,4
She's Hearing Voices,Bloc Party,4
Heart Attack,tUnE-yArDs,4
Heart-Shaped Box,Nirvana,4
Heartless,Kanye West,4
Heaven's Only Wishful,Mormor,4
No Surprises (remastered),Radiohead,4
The Bends,Radiohead,4
My Silver Lining,First Aid Kit,4
The Big Gloom,Have a Nice Life,4
NC-17,Travi$ Scott,4
The Cascades,Fleet Foxes,4
Let Down (Remastered),Radiohead,4
I Can't Live Without My Mother's Love,Sun Kil Moon,4
The Mariner's Revenge Song,The Decemberists,4
God = Dog,Behemoth,4
Mariners Apartment Complex,Lana Del Rey,4
Make Believe,Kero Kero Bonito,4
Feel the Pain,Dinosaur Jr.,4
Inhaler,Foals,4
Fill In The Blank,Car Seat Headrest,4
Sweet,BROCKHAMPTON,4
Fireworks,Animal Collective,4
First Day of My Life,Bright Eyes,4
Nervous Young Inhumans (Single Edit),Car Seat Headrest,4
Our House,"Crosby, Stills, Nash & Young",4
The Sound of Settling,Death Cab for Cutie,4
Fourth of July - Live,Sufjan Stevens,4
Tall Order,Linying,4
Sim Sala Bim,Fleet Foxes,4
Revival,Deerhunter,4
Futura Free,Frank Ocean,4
GUMMY,BROCKHAMPTON,4
The Plains / Bitter Dancer,Fleet Foxes,4
Idioteque,Radiohead,4
The Page,Chromatics,4
TOKYO,BROCKHAMPTON,4
Silver Soul,Beach House,4
Running From the Sun,Chromatics,4
Red Socks Pugie,Foals,4
Love Lockdown,Kanye West,4
sekaiwotorikaeshiteokure,Haru Nemuri,4
Black Star,Radiohead,4
CAN'T SAY,Travi$ Scott,4
Birds of Paradise,Chromatics,4
3rd Planet,Modest Mouse,4
Darkfield,Caspian,4
715 - CR∑∑KS,Bon Iver,4
"Cassius, -",Fleet Foxes,4
narashite,Harunemuri,4
Underwear,Pulp,4
Bedouin Dress,Fleet Foxes,4
WEIGHT,BROCKHAMPTON,4
Chanel,Frank Ocean,4
A Matter of Time,Chromatics,4
Battery Kinzie,Fleet Foxes,4
Banshee Beat,Animal Collective,4
DISTRICT,BROCKHAMPTON,4
Bad and Boujee (Feat. Lil Uzi Vert),Migos,4
Untitled,Interpol,4
Back From the Grave,Chromatics,4
Cut Your Hair,Pavement,4
Visiting,Pinegrove,4
Closer,Nine Inch Nails,4
At Your Door,Chromatics,4
Come Down,Anderson .Paak,4
bless ur heart,SERPENTWITHFEET,4
Animal,Troye Sivan,4
Angel,Massive Attack,4
All My Friends,LCD Soundsystem,4
Wide Awake,Parquet Courts,4
Couleurs,M83,4
"- Naiads, Cassadies",Fleet Foxes,4
Bones,Radiohead,4
Troublemaker,Beach House,4
When You Die,MGMT,4
Who Would Leave Their Son Out in the Sun?,Have a Nice Life,4
(Nice Dream),Radiohead,4
Hands Away,Interpol,3
Size of the Moon,Pinegrove,3
"Sing About Me, I'm Dying of Thirst",Kendrick Lamar,3
I Spy,Pulp,3
HOTTIE,BROCKHAMPTON,3
Super Rich Kids,Frank Ocean,3
Mearcstapa,Fleet Foxes,3
Medicine Bottle,Red House Painters,3
Irresistible,Deafheaven,3
Memory Boy,Deerhunter,3
T-Shirt,Migos,3
Child Star,The Unicorns,3
Bad Boys (feat. Ghetts and J Hus),Stormzy,3
Closedown,The Cure,3
Luno,Bloc Party,3
Luca,Brand New,3
If You're Feeling Sinister,Belle and Sebastian,3
BagBak,Vince Staples,3
Love Will Tear Us Apart,Joy Division,3
"If You Need to, Keep Time on Me",Fleet Foxes,3
Sulk,Radiohead,3
Bar Italia,Pulp,3
Lost In The World,Kanye West,3
Loser,Beck,3
Silver,Pixies,3
Broccoli,D.R.A.M.,3
Mis-Shapes,Pulp,3
Coming Down,The Weeknd,3
Ghost Mountain,The Unicorns,3
Girl,SoBs,3
And All That Could Have Been,Nine Inch Nails,3
Boy With a Coin,Iron & Wine,3
Sweet Disposition - Youngr Live Bootleg,The Temper Trap,3
Girls Night Out,Charli XCX,3
Girls and Boys - 2012 Remastered Version,Blur,3
The Only Thing,Sufjan Stevens,3
Sea Ghost,The Unicorns,3
The New Year,Death Cab for Cutie,3
Antidote,Travi$ Scott,3
My Kind of Woman,Mac DeMarco,3
Blue Light,Bloc Party,3
Vincent,Car Seat Headrest,3
My Iron Lung,Radiohead,3
Intro,alt-J,3
Come Back to Earth,Mac Miller,3
Mr. Grieves,Pixies,3
Gone,The Weeknd,3
Good Guy,Frank Ocean,3
Atlas Hands,Benjamin Francis Leftwich,3
Youth,Daughter,3
Money Trees,Kendrick Lamar,3
Monday Morning,Pulp,3
Blue Monday - 2016 Remastered Version,New Order,3
So Appalled,Kanye West,3
Stir Fry,Migos,3
Buddy Holly,Weezer,3
Big Red Machine,Justin Vernon,3
Lambda,møl,3
COFFEE BEAN,Travi$ Scott,3
Hunter,Have a Nice Life,3
Winters Love,Animal Collective,3
"Stop This Train - Live at the Nokia Theatre, Los Angeles, CA - December 2007",John Mayer,3
Wings,Mac Miller,3
Wasted Days,Cloud Nothings,3
Hurt Feelings,Mac Miller,3
La La Love You,Pixies,3
Kaputt,Destroyer,3
I Bet You Look Good on the Dancefloor,Arctic Monkeys,3
I Bleed,Pixies,3
Waveform,Pinegrove,3
Team,Bon Iver,3
Why? 왜?,Mid-Air Thief,3
I Don't Wanna Die,The Unicorns,3
Wild,Beach House,3
I Dreamt We Spoke Again,Death Cab for Cutie,3
Kong,Neneh Cherry,3
Knife Prty,Deftones,3
Black Hole Sun,Soundgarden,3
Kettering,The Antlers,3
King Kunta,Kendrick Lamar,3
Killing in the Name,Rage Against the Machine,3
Lately (Deuxième),Memoryhouse,3
Wolf,First Aid Kit,3
Beyondless,Iceage,3
Like a Rolling Stone,Bob Dylan,3
Loft Music,The Weeknd,3
Helplessly Hoping - Remastered,"Crosby, Stills & Nash",3
Beach Baby,Bon Iver,3
The Clap,The Unicorns,3
"Lisbon, OH",Bon Iver,3
Jellybones,The Unicorns,3
Blue Eyes,Destroyer,3
The Chain - 2004 Remastered Edition,Fleetwood Mac,3
Blood On Me,Sampha,3
Limit to Your Love,James Blake,3
Bullet Proof ... I Wish I Was,Radiohead,3
Someone Great,LCD Soundsystem,3
Between the Bars,Elliott Smith,3
New Friends,Pinegrove,3
Wait,M83,3
Lightness,Death Cab for Cutie,3
"Hinnom, TX",Bon Iver,3
Walk On By,Thundercat,3
The Bad Thing,Periphery,3
Left Hand Free,alt-J,3
Sorted for E's & Wizz,Pulp,3
Django Jane,Janelle Monáe,3
Betrayed in the Octagon,Oneohtrix Point Never,3
Thanks 4 Nothing,Nilüfer Yanya,3
KV Crimes,Kurt Vile,3
Multi-Love,Unknown Mortal Orchestra,3
Dark Saturday,Metric,3
SMALL VICTORIES,The Lemon Twigs,3
Destroyed By Hippie Powers,Car Seat Headrest,3
The View from the Afternoon,Arctic Monkeys,3
Numb,Linkin Park,3
Famous Last Words,My Chemical Romance,3
The Suburbs,Arcade Fire,3
Paranoid Android (Remastered),Radiohead,3
Plainsong,The Cure,3
Devil In A New Dress,Kanye West,3
44 More,Logic,3
Fluorescent Adolescent,Arctic Monkeys,3
Plans,Bloc Party,3
Tuff Ghost,The Unicorns,3
Optimistic,Radiohead,3
Norway,Beach House,3
Plead the Fifth,Iceage,3
Number 10,Interpol,3
Two Words,Kanye West,3
Please Don't Die,Father John Misty,3
There Goes My Gun,Pixies,3
A.D.H.D,Kendrick Lamar,3
Pencil Skirt,Pulp,3
DATE NIGHT,Father John Misty,3
Unlock It (feat. Kim Petras and Jay Park),Charli XCX,3
Pay No Mind,Beach House,3
Aces High - 1998 Remastered Version,Iron Maiden,3
Obstacle 2,Interpol,3
Thursday,The Weeknd,3
two headed boy part two,Neutral Milk Hotel,3
Through the Wire,Kanye West,3
A Quick One Before the Eternal Worm Devours Connecticut,Have a Nice Life,3
Up!,M83,3
Earthquake,Deerhunter,3
On Another Ocean (January / June),Fleet Foxes,3
"On a Neck, On a Spit",Grizzly Bear,3
True Love Waits,Radiohead,3
These Chains 쇠사슬,Mid-Air Thief,3
The Ringer,Eminem,3
Don’t Cry,Deerhunter,3
The River,Chromatics,3
Norf Norf,Vince Staples,3
Pain,The War on Drugs,3
Under the sun,Iceage,3
Sailing,Deerhunter,3
Really Doe,Danny Brown,3
Nikes,Frank Ocean,3
10 d E A T h b R E a s T ⚄ ⚄,Bon Iver,3
Psycho,Post Malone,3
GLOWED UP,Kaytranada,3
Everything I Am,Kanye West,3
Price of Gasoline,Bloc Party,3
月虹と深潭,Heaven in Her Arms,3
Dark Spring,Beach House,3
Dramamine,Modest Mouse,3
SAN MARCOS,BROCKHAMPTON,3
Crackity Jones,Pixies,3
A Black Minute,Periphery,3
No. 13 Baby,Pixies,3
Everlong,Foo Fighters,3
No Wave (feat. Denzel Curry),IDK,3
Pointlessness,The Voidz,3
yumewomiyou,Harunemuri,3
No Wave,IDK,3
Sabotage,Beastie Boys,3
Dreams - 2004 Remastered Edition,Fleetwood Mac,3
Ratchet Happy Birthday,Drake,2
PRBLMS,6LACK,2
Pale Ghosts,Panopticon,2
666 ʇ,Bon Iver,2
La Di Da,The Internet,2
Ben's My Friend,Sun Kil Moon,2
5-4=Unity,Pavement,2
Spaceship,Kanye West,2
Real,Kendrick Lamar,2
4 Gold Chains - (feat. Clams Casino),LIL PEEP,2
Beyond,Daft Punk,2
Big Fish,Vince Staples,2
Stairway to Heaven,Led Zeppelin,2
33 “GOD”,Bon Iver,2
Birch Tree,Foals,2
Papercut,Linkin Park,2
Alright,Kendrick Lamar,2
LOOPHOLE,BROCKHAMPTON,2
Kamikaze,Eminem,2
Please Remember,Deafheaven,2
Jesus Walks,Kanye West,2
15 Step,Radiohead,2
Such Great Heights - Remastered,The Postal Service,2
Pyramid Song,Radiohead,2
Sun Giant,Fleet Foxes,2
zzz pt.ⅰi,Haru Nemuri,2
White Iverson,Post Malone,2
Bodysnatchers,Radiohead,2
Is This It,The Strokes,2
(The Ripe & Ruin),alt-J,2
Providence,Foals,2
(No One Knows Me) Like The Piano,Sampha,2
Prologue,The Antlers,2
Present Tense,Radiohead,2
Into The North Woods,Panopticon,2
What a Pleasure,Beach Fossils,2
"Blinded By Your Grace, Pt. 2 (feat. MNEK)",Stormzy,2
Karma Police (Remastered),Radiohead,2
29 #Strafford APTS,Bon Iver,2
15-38,Birds in Row,2
Bizarre Love Triangle,New Order,2
LADY AND MAN,Khruangbin,2
25 Bucks (feat. Purity Ring),Danny Brown,2
22 (OVER S∞∞N),Bon Iver,2
Phantom Bride,Deftones,2
2009,Mac Miller,2
Stay Useless,Cloud Nothings,2
Knife,Grizzly Bear,2
1998 TRUMAN,BROCKHAMPTON,2
Pick Up the Phone (feat. Quavo),Young Thug,2
underground,Harunemuri,2
Black Skinhead,Kanye West,2
Songbird - 2004 Remastered Edition,Fleetwood Mac,2
Blame Game,Kanye West,2
Quiet Houses,Fleet Foxes,2
Kid A,Radiohead,2
Kerala,Bonobo,2
yoruwooyoideta,Haru Nemuri,2
rain,Rob Scallon,2
Let Down,Radiohead,2
BOOGIE,BROCKHAMPTON,2
Muted Beatings,"Albert Hammond, Jr.",2
What Went Down,Foals,2
Astronomy,SoBs,2
ZIPPER,BROCKHAMPTON,2
Shooting Stars,Bag Raiders,2
i,Kendrick Lamar,2
i SHYNE,Carnage,2
Morning Bell,Radiohead,2
SUMMER,BROCKHAMPTON,2
STUPID,BROCKHAMPTON,2
Airbag,Radiohead,2
Autumn Eternal,Panopticon,2
Sidewalk,Built to Spill,2
Nothing Ever Happened,Deerhunter,2
"Minnesota, WI",Bon Iver,2
Agoraphobia,Deerhunter,2
Your Protector,Fleet Foxes,2
STAINS,BROCKHAMPTON,2
lostplanet,Harunemuri,2
Zack And Codeine,Post Malone,2
All Falls Down,Kanye West,2
My Jinji,落日飛車 Sunset rollercoaster,2
All Of My Thoughts,Spiritualized,2
close to you,Frank Ocean,2
Never Let Me Down,Kanye West,2
Amazing,Kanye West,2
New Slaves,Kanye West,2
School Spirit Skit 1,Kanye West,2
Neighborhood #4 (7 Kettles),Arcade Fire,2
Neighborhood #3 (Power Out),Arcade Fire,2
School Spirit Skit 2,Kanye West,2
Scissor,Liars,2
All I Need,Radiohead,2
Nico And The Niners,Twenty One Pilots,2
No Cars Go,Arcade Fire,2
No Diggity,Chet Faker,2
Sad Heart of Mine,Caspian,2
No Other One,Weezer,2
Zero-Sum,Charlie Lim,2
Separation No. 2,Caspian,2
My Number,Foals,2
Meadowlarks,Fleet Foxes,2
Matilda,alt-J,2
Oxford Comma,Vampire Weekend,2
Master of None,Beach House,2
Be Yourself,Frank Ocean,2
Rolling Stone,The Weeknd,2
Once In A Lifetime - 2005 Remastered Version,Talking Heads,2
Rockstar,Post Malone,2
Opps (with Yugen Blakrok),Vince Staples,2
nineteen,Harunemuri,2
Say Hello to the Angels,Interpol,2
Lil Jimmy Skit,Kanye West,2
rock 'n' roll wa shinanai with totsuzenshounen,Haru Nemuri,2
Like Antennas To Heaven…,Godspeed You! Black Emperor,2
Over Now,Post Malone,2
Ligament,møl,2
Overgrown,James Blake,2
Life of the Party,The Weeknd,2
Bees,Animal Collective,2
Workout Plan,Kanye West,2
Let's Get Known,The Unicorns,2
Work Out,Chance the Rapper,2
Let It Happen,Tame Impala,2
Lonely Star,The Weeknd,2
Bay Of Pigs,Destroyer,2
Oliver James,Fleet Foxes,2
SISTER/NATION,BROCKHAMPTON,2
Marquee Moon - Remastered,Television,2
Six Days At The Bottom Of The Ocean,Explosions in the Sky,2
Oaks Ablaze,Panopticon,2
You Probably Couldn't See for the Lights but You Were Staring Straight at Me,Arctic Monkeys,2
Baby,Devendra Banhart,2
Babys,Bon Iver,2
Baby’s Arms,Kurt Vile,2
Sleep To The Sound Of The Waves Crashing,Panopticon,2
ALASKA,BROCKHAMPTON,2
A Sixth Trumpet,From Monument To Masses,2
Luna,Deafheaven,2
Lucky You (feat. Joyner Lucas),Eminem,2
A-Punk,Vampire Weekend,2
You Are We,While She Sleeps,2
Balloons,Foals,2
Love Lost - Acoustic,The Temper Trap,2
A Superior Lament,Panopticon,2
Basement Scene,Deerhunter,2
Innocent Son,Fleet Foxes,2
Trailer Trash,Modest Mouse,2
Graduation Day,Kanye West,2
Free Bird,Lynyrd Skynyrd,2
Campus,Vampire Weekend,2
How Would You Feel (Paean),Ed Sheeran,2
Thieves like us,Iceage,2
FABRIC,BROCKHAMPTON,2
FAKE,BROCKHAMPTON,2
The Sharpest Lives,My Chemical Romance,2
Cigarettes & Cush (feat. Kehlani),Stormzy,2
Cancer,My Chemical Romance,2
Crosses,José González,2
Hopeless,Against All Logic,2
The Ghosts of Beverly Drive,Death Cab for Cutie,2
Facebook Story,Frank Ocean,2
Cigarette Daydreams,Cage the Elephant,2
The Ghost of You,My Chemical Romance,2
Fountain Stairs,Deerhunter,2
Everything in Its Right Place,Radiohead,2
Darling,Real Estate,2
The Purple Bottle,Animal Collective,2
Crack-Up,Fleet Foxes,2
Tangled Up in Blue,Bob Dylan,2
Two Slow Dancers,Mitski,2
I Don't Love You,My Chemical Romance,2
Threads,This Will Destroy You,2
The Quiet Things That No One Ever Knows,Brand New,2
Cherry-Coloured Funk,Cocteau Twins,2
This Is How I Disappear,My Chemical Romance,2
Death of an Interior Decorator,Death Cab for Cutie,2
CINEMA 2,BROCKHAMPTON,2
Teddy Picker,Arctic Monkeys,2
CMYK,James Blake,2
English House,Fleet Foxes,2
Eraser,Ed Sheeran,2
Deadcrush,alt-J,2
Ultimatum,Disclosure,2
Fade Into You,Mazzy Star,2
Danny Nedelko,Idles,2
"Holy Fucking Shit: 40,000",Have a Nice Life,2
The Future,Have a Nice Life,2
Hard to Explain,The Strokes,2
"Floyd Mayweather (feat. Travis Scott, Gucci Mane and Gunna)",Young Thug,2
Harutosyura,Harunemuri,2
He Doesn't Know Why,Fleet Foxes,2
Hell of a Life,Kanye West,2
WASTE,BROCKHAMPTON,2
Heaven's Only Wishful - Edit,Mormor,2
The Zone,The Weeknd,2
Curve and Light 곡선과 투과광,Mid-Air Thief,2
Cute Thing,Car Seat Headrest,2
Heaven or Las Vegas,The Weeknd,2
First Things First,Stormzy,2
Heard Them Stirring,Fleet Foxes,2
Untitled,Brand New,2
Hearts / Wires,Deftones,2
Helpless Child,Swans,2
Ceremony - Version 1; 2016 Remastered Version,New Order,2
Hannah Hunt,Vampire Weekend,2
Highway of Endless Dreams,M83,2
Undercover Martyn,Two Door Cinema Club,2
Holiday in Cambodia,Dead Kennedys,2
Fake Tales of San Francisco,Arctic Monkeys,2
Holding On,The War on Drugs,2
Daft Punk Is Playing at My House,LCD Soundsystem,2
Hallelujah,Jeff Buckley,2
Waiting for Black Metal Records to Come in the Mail,Have a Nice Life,2
The Space Travelers Lullaby,Kamasi Washington,2
WHO? WHAT!,Travi$ Scott,2
For Reverend Green,Animal Collective,2
Cassius,Foals,2
Crumbling Together 함께 무너지기,Mid-Air Thief,2
WHITE GLOVES,Khruangbin,2
There Is No Food,Have a Nice Life,2
Butterfly Effect,Travi$ Scott,2
The House of the Rising Sun,The Animals,2
Tighten Up,The Black Keys,2
I'll Fly Away,Kanye West,2
Get Em High,Kanye West,2
The Phone Book,Editors,2
The Less I Know the Better,Tame Impala,2
I'm Scum,Idles,2
Gold Digger,Kanye West,2
Truck Driver,Sun Kil Moon,2
TEAM,BROCKHAMPTON,2
Drops In The River,Fleet Foxes,2
Drink Dat,Thundercat,2
If The Car Beside You Moves Ahead,James Blake,2
Ghost,Neutral Milk Hotel,2
Brought To The Water,Deafheaven,2
If You Give Enough,The Lemon Twigs,2
If You Know You Know,Pusha T,2
God's Plan,Drake,2
TAPE,BROCKHAMPTON,2
Giorgio by Moroder,Daft Punk,2
Doused,DIIV,2
Ignition - Remix,R. Kelly,2
Tombstone Blues,Bob Dylan,2
The National Anthem,Radiohead,2
Dogs,Sun Kil Moon,2
In Limbo,Radiohead,2
Breathe in Breathe Out,Kanye West,2
Wesley's Theory,Kendrick Lamar,2
Touch The Sky,Kanye West,2
Contact,Daft Punk,2
Treefingers,Radiohead,2
In the Flowers,Animal Collective,2
Golden Hill,Tristeza,2
Come Get Her,Rae Sremmurd,2
Cherub Rock - Remastered 2011,The Smashing Pumpkins,2
I Was Born (A Unicorn),The Unicorns,2
We Count So We Don't Have To Listen,Birds in Row,2
Echoes of Silence,The Weeknd,2
I Should See Memphis,Fleet Foxes,2
I Think I'm in Love,Spiritualized,2
Colossus,Idles,2
Time Today,Kero Kero Bonito,2
The Knowing,The Weeknd,2
We Don't Care,Kanye West,2
Twenty Eight,The Weeknd,2
GOLD,BROCKHAMPTON,2
I Was Never There,The Weeknd,2
Gameun Deut 감은 듯,Mid-Air Thief,2
Galway Girl,Ed Sheeran,2
El Scorcho,Weezer,2
San Francisco,The Mowgli's,1
Uprising,Muse,1
good kid,Kendrick Lamar,1
Venus,Television,1
Scott Street,Phoebe Bridgers,1
The Other Side of Paradise,Glass Animals,1
The Spirit Carries On,Dream Theater,1
Screen Shot,Swans,1
love4eva (Feat.Grimes),LOOΠΔ YYXY,1
Same Bitches,Post Malone,1
SOMETHING ABOUT HIM,BROCKHAMPTON,1
Same Decaying Matter,Sphaeras,1
The Tourist (Remastered),Radiohead,1
The Queen Is Dead - 2011 Remastered Version,The Smiths,1
SKIT 3,BROCKHAMPTON,1
Season 2 Episode 3,Glass Animals,1
The Only Living Boy in New York,Simon & Garfunkel,1
Valentine (What's It Gonna Be),Rina Sawayama,1
The Only Moment We Were Alone,Explosions in the Sky,1
The Village - 2015 Remastered Version,New Order,1
Venom - Music From The Motion Picture,Eminem,1
The Sea and the Rhythm,Iron & Wine,1
Saltwater,Beach House,1
The Sound of Silence,Simon & Garfunkel,1
The Plan,Built to Spill,1
distort (the twenties remix),Harunemuri,1
Vacation,SoBs,1
Scarlet,Periphery,1
drugs,Eden,1
Valerie,The Weeknd,1
call the police,LCD Soundsystem,1
bright Lit blue skies,Ariel Pink,1
Same Logic / Teeth,Brand New,1
The Rat,The Walkmen,1
goosebumps,Travi$ Scott,1
The Softest Voice,Animal Collective,1
SWIM,BROCKHAMPTON,1
Saint,Blood Orange,1
The Songwriter,Father John Misty,1
Saturn Song,Beach House,1
The Persistence of Loss,Nine Inch Nails,1
Santa Rosa,Trifonic,1
Valley Boy,Wolf Parade,1
VIVID,BROCKHAMPTON,1
Say You Will,Kanye West,1
Used to Be,Beach House,1
The Predatory Wasp of the Palisades Is Out to Get Us,Sufjan Stevens,1
Velvet / Jenny Francis - Interlude,Stormzy,1
Rime Of The Ancient Mariner - 1998 Remastered Version,Iron Maiden,1
The Weather,Pond,1
Time Trap,Built to Spill,1
Quiet,This Will Destroy You,1
yoruwooyoideta(Nemu remix),Haru Nemuri,1
Tjønneblomen (Arr. For String Quartet),Gjermund Haugen,1
Turnover,Fugazi,1
Quorum,Low,1
untitled 07 levitate,Kendrick Lamar,1
R.I.P.,Playboi Carti,1
underground(shnkuti remix),Haru Nemuri,1
Tired of Sex,Weezer,1
Timber,Pitbull,1
Throne,Bring Me the Horizon,1
RX Queen,Deftones,1
Rabbot Ho,Thundercat,1
Radio Friendly Unit Shifter,Nirvana,1
Radio Protector,65daysofstatic,1
Radio Silence,James Blake,1
Tilted - GGEZ,Evanturetime,1
Ramble On,Led Zeppelin,1
Two Headed Boy,Neutral Milk Hotel,1
Ran,Future Islands,1
To All The Girls,Beastie Boys,1
Tuff Luff,The Unicorns,1
To Care (Like You),James Blake,1
To Drink from the Night Itself,At the Gates,1
Tourniquet,TesseracT,1
光芒の明時,Heaven in Her Arms,1
Touched - Remastered Version,My Bloody Valentine,1
Proceed,Corre,1
Total Football,Parquet Courts,1
Protector 수호자,Mid-Air Thief,1
Trigger,Deaf Havana,1
Too Late,M83,1
"Tonight, Tonight - Remastered 2012",The Smashing Pumpkins,1
Æ Rømeser (Arr. For String Quartet),Traditional,1
zzz pt.ⅰ,Harunemuri,1
Purple Yellow Red and Blue,Portugal. The Man,1
Put Me Thru,Anderson .Paak,1
Tring Quarry,Trash Boat,1
Tron,Foals,1
To the Last,James Blake,1
QUEER,BROCKHAMPTON,1
Queen Jane Approximately,Bob Dylan,1
To Here Knows When - Remastered Version,My Bloody Valentine,1
u,Kendrick Lamar,1
Rape Me,Nirvana,1
Up NXW (feat. Scarlxrd),Carnage,1
Rosemary,Deftones,1
RoboCop,Kanye West,1
Rocket Skates,Deftones,1
There Is A Light That Never Goes Out - 2011 Remastered Version,The Smiths,1
Rocky Mountain Way,Joe Walsh,1
Roland,Interpol,1
Undone - The Sweater Song,Weezer,1
Une année sans lumière,Arcade Fire,1
Them Changes,Thundercat,1
Unfair,Pavement,1
The same deep water as you - Remastered,The Cure,1
Rats,Ghost,1
Round and Round,Ariel Pink,1
Unfair (Remastered),Pavement,1
The World Is Our ___,This Will Destroy You,1
Runnin’,Blood Orange,1
The Winds Farewell,Panopticon,1
Unst Boat Song (Arr. For String Quartet),Traditional,1
SHADES OF MAN,Khruangbin,1
The Wider Sun,Jon Hopkins,1
The Wicked End,Avenged Sevenfold,1
River,Hiatus,1
Risingson,Massive Attack,1
Second Sun,Bonobo,1
Right Now (feat. Pi'erre Bourne),Playboi Carti,1
Re: Stacks,Bon Iver,1
Ready To Die,The Unicorns,1
This High,Evanturetime,1
symbol,AdriAnne Lenker,1
Thinkin Bout You,Frank Ocean,1
Think About U (feat. Joji),Ryan Hemsworth,1
shira,Glassjaw,1
Under the Bridge,Red Hot Chili Peppers,1
They Move on Tracks of Never-Ending Light,This Will Destroy You,1
They Disappear Into The Palms,Lights Out Asia,1
saME bItChEs (feAT. g-eAzY & Yg),Post Malone,1
Red Eyes,The War on Drugs,1
Repeater,Fugazi,1
Reptilia,The Strokes,1
Resurrection Fern,Iron & Wine,1
Return Of The Rucksack,Stormzy,1
Rich & Sad,Post Malone,1
"There, There",Radiohead,1
Richard Ramirez Died Today of Natural Causes,Sun Kil Moon,1
Second Hand News - 2004 Remastered Edition,Fleetwood Mac,1
What We Once Were,Emmit Fenn,1
Secrets,Kitten,1
Star,BROCKHAMPTON,1
Star Roving,Slowdive,1
Tell The World,Vivian Girls,1
Wish You Were Here,Pink Floyd,1
Waste,Brand New,1
Teenagers,My Chemical Romance,1
We All Stand - 2015 Remastered Version,New Order,1
Start Choppin',Dinosaur Jr.,1
Starwood Choker,Bing & Ruth,1
Static,Godspeed You! Black Emperor,1
Taste,Animal Collective,1
Windows,Deafheaven,1
Wild Flowers,Frank Carter & The Rattlesnakes,1
Stay,Iceage,1
Stay,Post Malone,1
Taro,alt-J,1
Stay In Touch,Interpol,1
Tamarack's Gold Returns,Panopticon,1
We Are Nowhere and It's Now,Bright Eyes,1
Takin' SHoTs,Post Malone,1
Stay With Me,Spiritualized,1
Take on Me,a-ha,1
Tell Your Friends,The Weeknd,1
Washing Machine Heart,Mitski,1
Stepping Stone,Eminem,1
Wishes,Beach House,1
"Worlds to Run (featuring Milo, Anderson Paak)",Busdriver,1
Sonder,Homebound,1
Song 2,Blur,1
Walk Away Slowly,Counterparts,1
Song For No One,Lowercase Noises,1
Words,Low,1
The Beautiful Ones,Suede,1
The Ballad of the Costa Concordia,Car Seat Headrest,1
Walk in the Park,Beach House,1
Sorry You're Not a Winner,Enter Shikari,1
The Adventure,Angels & Airwaves,1
That's Not Me - Remastered,The Beach Boys,1
Space Song,Beach House,1
Spanish Sahara,Foals,1
Sparks,Beach House,1
Warm Foothills,alt-J,1
Spoil my night,Post Malone,1
Temptation,New Order,1
Was All Talk,Kurt Vile,1
Sprawl II (Mountains Beyond Mountains),Arcade Fire,1
Tempt You (Evocatio),Nothing But Thieves,1
Take it all,Iceage,1
Take Your Time,Blood Orange,1
Wouldn't It Be Nice - Remastered,The Beach Boys,1
Whitewater,Let's Eat Grandma,1
Sugar Wraith,Post Malone,1
Sultans of Swing,Dire Straits,1
Summertime Clothes,Animal Collective,1
Sun Harmonics,Jon Hopkins,1
We're Only People (And There's Not Much Anyone Can Do About That),Father John Misty,1
While You Wait for the Others,Grizzly Bear,1
T69 Collapse,Aphex Twin,1
Sympathy for the Devil,The Rolling Stones,1
Sylvia,The Antlers,1
Sure And Certain,Jimmy Eat World,1
Welcome Home,Charlie Lim,1
Swim Beneath My Skin,Counterparts,1
While My Guitar Gently Weeps - remastered,The Beatles,1
Surveillance,Interpol,1
Welcome To Heartbreak,Kanye West,1
Suspended in This Disaster,Dance Gavin Dance,1
"What a Catch, Donnie",Fall Out Boy,1
Swallow the Knife,Story of the Year,1
Swang,Rae Sremmurd,1
Sweater Weather,Elleben,1
Sweep Me Off My Feet,Pond,1
Subterranean Homesick Alien (Remastered),Radiohead,1
Stædelil (Arr. For String Quartet),Traditional,1
"Take Me Home, Country Roads",John Denver,1
We're Going to Be Friends,The White Stripes,1
Take Care,Beach House,1
Sticky Leaves,Linying,1
Stillness Is the Move,Dirty Projectors,1
TROUBLE,Cage the Elephant,1
TRIP,BROCKHAMPTON,1
We Have a Map of the Piano,múm,1
Stop Breathin,Pavement,1
We Looked Like Giants,Death Cab for Cutie,1
THUG LIFE,BROCKHAMPTON,1
THE MOVE - prod. KAYTRANADA,Reva DeVito,1
Why Don't You Call Me,James Blake,1
Why Bother?,Weezer,1
Stork & Owl,TV on the Radio,1
THE COLOUR IN ANYTHING,James Blake,1
Who Will Survive in America,Kanye West,1
Strangest Thing,The War on Drugs,1
Strawberry Skies,Games,1
Street Carp,Deftones,1
Strength of the World,Avenged Sevenfold,1
Who Could Win a Rabbit,Animal Collective,1
TEETH,BROCKHAMPTON,1
Something Good,alt-J,1
Waking Up,Explosions in the Sky,1
brave as a noun,ajj,1
The Last March,God Is An Astronaut,1
Shore,Fredrik Sjölin,1
Shot Gun Shack,Neneh Cherry,1
Show You The Way,Thundercat,1
Showtime,Iceage,1
Youth,Glass Animals,1
The Kill (Bury Me),30 Seconds to Mars,1
The Infanta,The Decemberists,1
Virga,møl,1
Shutdown,Skepta,1
Sic Transit Gloria ... Glory Fades,Brand New,1
Privilege,The Weeknd,1
The Individual,Spiritualized,1
Sidewinder,Avenged Sevenfold,1
Silence Kid,Pavement,1
Virgo,Atmosphere,1
Virus://Vibrance,Vein,1
Silver Rocket,Sonic Youth,1
Your Best American Girl,Mitski,1
You Without End,Deafheaven,1
You Were Right,Built to Spill,1
Visa (feat. Young Troy),Carnage,1
Sweet Disaster,Dreamers,1
Shoota (feat. Lil Uzi Vert),Playboi Carti,1
Singapore,Tom Waits,1
Shine You No More,Rune Tonsgaard Sorensen,1
Very Ape,Nirvana,1
____45_____,Bon Iver,1
Seize the Day,Avenged Sevenfold,1
[Untitled],Neutral Milk Hotel,1
[Premade Sandwiches],Glass Animals,1
Zones Without People,Oneohtrix Point Never,1
The New,Interpol,1
Zaris,Mooncake,1
Videotape,Radiohead,1
Villa Del Refugio,This Will Destroy You,1
Violence,Parquet Courts,1
The Lord's Favorite,Iceage,1
Seven Names,TesseracT,1
Severed,Bewilderbeast,1
The Light Is Coming (feat. Nicki Minaj),Ariana Grande,1
Shadow,Chromatics,1
Shape of You - Stormzy Remix,Ed Sheeran,1
Shark Smile,Big Thief,1
She's So Lovely,Beach House,1
Shine A Light,Spiritualized,1
The Last Song,Marques Houston,1
The Good Life,Weezer,1
The Funeral,Band of Horses,1
The Bird,Anderson .Paak,1
Yoshimi Battles The Pink Robots Part 1,The Flaming Lips,1
The District Sleeps Alone Tonight,The Postal Service,1
Snooze 4 Love,Todd Terje,1
Yikes,Kanye West,1
Vultures,Evanturetime,1
YAH.,Kendrick Lamar,1
The Diary of Jane,Breaking Benjamin,1
XXX. FEAT. U2.,Kendrick Lamar,1
"So Long, Lonesome",Explosions in the Sky,1
So Much Sky,The Temper Trap,1
Sober,Evanturetime,1
The Count of Tuscany,Dream Theater,1
Sol,Solar Fields,1
Soldier Of Fortune,Deep Purple,1
Wyclef Jean,Young Thug,1
WHERE THE CASH AT,BROCKHAMPTON,1
Some Kind of Game,Against All Logic,1
Someday,The Strokes,1
The Chain - Remastered,Fleetwood Mac,1
The Boy With the Perpetual Nervousness,The Feelies,1
The Boy Who Blocked His Own Shot,Brand New,1
Wouldn't Leave,Kanye West,1
Smoke,Blood Orange,1
Small Memory,Jon Hopkins,1
The Fear,Pulp,1
The District Sleeps Alone Tonight - Remastered,The Postal Service,1
"You Think I Ain't Worth A Dollar, But I Feel Like A Millionaire - Album Version (With Interlude)",Queens of the Stone Age,1
Vitamin C,Can,1
You Still Believe In Me - Remastered,The Beach Boys,1
The End Of Heartache,Killswitch Engage,1
"The End - From ""La La Land"" Soundtrack",Justin Hurwitz,1
You Make Loving Fun - 2004 Remastered Edition,Fleetwood Mac,1
Volcano,Damien Rice,1
Slapstick,Foxing,1
Sleep,My Chemical Romance,1
The Emotion,BØRNS,1
"The Ecstasy of Gold (From ""The Good, the Bad and the Ugly"")",Ennio Morricone,1
You Know Your Youth,James Blake,1
You Came To Me,Beach House,1
The Echoes of a Disharmonic Evensong,Panopticon,1
Sloop John B - Remastered,The Beach Boys,1
Volcano - Instrumental,Damien Rice,1
The Dromer (Arr. For String Quartet),Traditional,1
Voyeur,James Blake,1
You Are Here,Yo La Tengo,1
Slow Jamz,Twista,1
Vulture Baby,Blood Orange,1
The Last Garrison,Enter Shikari,1
'Cello Song,Nick Drake,1
Pressure,Muse,1
Distraction,M1LDL1FE,1
Disorder - 2007 remastered version,Joy Division,1
Disintegration,The Cure,1
Disenchanted,My Chemical Romance,1
Disarray,Preoccupations,1
Disarm - Remastered,The Smashing Pumpkins,1
Disappear Reappear,Squidge,1
Dirt 흙,Mid-Air Thief,1
Diplomat’s Son,Vampire Weekend,1
Digital Lion,James Blake,1
Diamond Eyes,Deftones,1
"Despair Not, O Heart (Arr. For String Quartet)",Traditional,1
Desolation Row,Bob Dylan,1
Desert Horse,Melody's Echo Chamber,1
Desert,Brand New,1
Der Widerstand,At the Gates,1
Depth Charge,Flume,1
Delicate,Damien Rice,1
Dissolve Me,alt-J,1
Do Re mi,Blackbear,1
Dearth,Foals,1
Do You Know,Tirzah,1
Dust Bunnies,Kurt Vile,1
Dunkelheit,Burzum,1
Dump,Kero Kero Bonito,1
Dumb,Nirvana,1
Duality,Slipknot,1
Drømte mig en drøm (Arr. For String Quartet),Traditional,1
Drunk Drivers/Killer Whales (Single Version),Car Seat Headrest,1
Drunk And Hot Girls,Kanye West,1
Dreamt,Balmorhea,1
Dreaming,Mac DeMarco,1
Doomed User,Deftones,1
Don't Talk (Put Your Head On My Shoulder) - Remastered,The Beach Boys,1
Don't Stop - 2004 Remastered Edition,Fleetwood Mac,1
Don't Need You - Edit,Bullet for My Valentine,1
Don't Cry For Me (feat. Raleigh Ritchie),Stormzy,1
Do You Remember the First Time?,Pulp,1
Do You Realize??,The Flaming Lips,1
"Deep, Deep",Have a Nice Life,1
Dead!,My Chemical Romance,1
EVAN FINDS THE THIRD ROOM,Khruangbin,1
Courtship Dating,Crystal Castles,1
Could Never Be Heaven,Brand New,1
Coronado,Deerhunter,1
Corona,Minutemen,1
Cop Shoot Cop...,Spiritualized,1
Cool Waves,Spiritualized,1
Cooking Up Something Good,Mac DeMarco,1
Contrails,Glowworm,1
Complications,Interpol,1
Comfy in Nautica,Panda Bear,1
Comfortably Numb,Pink Floyd,1
Comfort Zone,General Fuzz,1
Cold,Stormzy,1
Close To Me (feat. Reo Cragun),Carnage,1
Climbing Up the Walls (Remastered),Radiohead,1
Cityfade,Against All Logic,1
Cinder and Smoke,Iron & Wine,1
Chinatown,Wild Nothing,1
Country Figs,Alex Cameron,1
Crazy Titch - Interlude,Stormzy,1
Day & Night,Thundercat,1
Crazy Train - Remastered,Ozzy Osbourne,1
Dark Moves of Love,M83,1
Dark Entries,Bauhaus,1
Dancing Shoes,Arctic Monkeys,1
Dancing Choose,TV on the Radio,1
Daffy Duck,Animal Collective,1
DUI,Thundercat,1
DNA.,Kendrick Lamar,1
DNA,BTS,1
DLM,James Blake,1
D.D.,The Weeknd,1
D Is for Dangerous,Arctic Monkeys,1
Cómo Te Quiero,Khruangbin,1
Cómo Me Quieres,Khruangbin,1
Cyber Stockholm Syndrome,Rina Sawayama,1
Crying Lightning,Arctic Monkeys,1
Crying,TV on the Radio,1
Crown of Love,Arcade Fire,1
Dylan Rieder,Jetson,1
Earned It (Fifty Shades of Grey),The Weeknd,1
Goldtone,Kurt Vile,1
Gave Your Love Away,Majid Jordan,1
"Funeral For A Friend / Love Lies Bleeding [Live - ""Uncovered"" Version 1995]",Dream Theater,1
Ful Stop,Radiohead,1
From a Buick 6,Bob Dylan,1
Friend Zone,Thundercat,1
Free Animal,Foreign Air,1
Freaking Out the Neighborhood,Mac DeMarco,1
"Frankly, Mr. Shankly - 2011 Remastered Version",The Smiths,1
Fourth of July,Sufjan Stevens,1
Four Sticks,Led Zeppelin,1
Four Out of Five,Arctic Monkeys,1
Forever Always,Peter Cottontale,1
Forever,Code Orange,1
For Free? - Interlude,Kendrick Lamar,1
Focus - Yaeji Remix,Charli XCX,1
Flyway,Kero Kero Bonito,1
Flowers and You,Touché Amoré,1
Floating,Audio Dope,1
GAMBA,BROCKHAMPTON,1
Geometric Headdress,Deftones,1
Flight of Fancy,Interpol,1
Getchoo,Weezer,1
Golden Age,TV on the Radio,1
Gold Soundz (Remastered),Pavement,1
God's Favorite Customer,Father John Misty,1
God Only Knows - Remastered,The Beach Boys,1
God Damn,Avenged Sevenfold,1
God Break Down the Door,Nine Inch Nails,1
Go 4 It ! (feat. Snoop Dogg),Corey Feldman,1
Glósóli,Sigur Rós,1
Glory Box,Portishead,1
Glaciers,Night Sounds,1
Give Yourself A Try,The 1975,1
Give Me My Month,James Blake,1
Give It All,Foals,1
Girlfriend,Nao,1
Girl Called Alex,Kurt Vile,1
Gila,Beach House,1
Ghost Pong,Emancipator,1
Float On,Modest Mouse,1
Flesh Without Blood,Grimes,1
Easy Easy,King Krule,1
Face Down,The Red Jumpsuit Apparatus,1
Exit Music (for a Film),Radiohead,1
Everything You Do Is a Balloon,Boards of Canada,1
Everybody's Down,No Age,1
Everybody,Don Broco,1
Every Other Freckle,alt-J,1
England,Deaf Havana,1
Enamorados,EIXE,1
Emotionless,Drake,1
Em Calls Paul - Skit,Eminem,1
Else,Built to Spill,1
Elite,Deftones,1
Elevate Me Later,Pavement,1
Electricity,Spiritualized,1
Electric Bloom,Foals,1
Electioneering (Remastered),Radiohead,1
Ecstasy,jj,1
Echoes,Young Guns,1
FEEL.,Kendrick Lamar,1
Faith In Nothing Except In Salvation,Yves Tumor,1
Fitter Happier (Remastered),Radiohead,1
Fall,Eminem,1
First,Cold War Kids,1
Fillmore Jive,Pavement,1
Feiticeira,Deftones,1
Feels Like We Only Go Backwards,Tame Impala,1
Feeling Good,Muse,1
Feel Alive,Vistas,1
Façade,Disturbed,1
Faust Arp,Radiohead,1
Father to a Sister of Thought,Pavement,1
Fastän (Arr. For String Quartet),Eva Sæhter,1
Farewell Transmission,Songs: Ohia,1
Far Nearer,Jamie xx,1
Fanshawe,El Ten Eleven,1
Family Tree,TV on the Radio,1
Family Business,Kanye West,1
Family,Blood Orange,1
Falling for You,Weezer,1
Chill Kingdom,The American Dollar,1
Chihiro,Yoste,1
Chewing Gum,Blood Orange,1
Atomic Man,Portugal. The Man,1
Ashes,Ghost,1
Arrival in Nara,alt-J,1
Arms Like Teeth,Counterparts,1
Archers,Brand New,1
Ape Dos Mil,Glassjaw,1
Anything You Synthesize - Ambient,The American Dollar,1
Anything Can Happen In The Next Half Hour,Enter Shikari,1
Anpanman,BTS,1
"Another Brick in the Wall, Pt. 2",Pink Floyd,1
Annie,Mac DeMarco,1
Always Like This,Bombay Bicycle Club,1
Always Focused,Tiny Moving Parts,1
Also Frightened,Animal Collective,1
Alpine,Linying,1
All Your Yeahs,Beach House,1
All In Here,Emancipator,1
All Apologies - MTV Unplugged,Nirvana,1
At the Bottom of Everything,Bright Eyes,1
Atrophy,The Antlers,1
Airplane pt.2,BTS,1
Autumn Sweater,Yo La Tengo,1
Batter Up,Brand New,1
Bat Country,Avenged Sevenfold,1
Barry Bonds,Kanye West,1
Bank,BROCKHAMPTON,1
Ballad of a Thin Man,Bob Dylan,1
Balaclava,Arctic Monkeys,1
Bad Light,Built to Spill,1
Bad Habit,Foals,1
Baby Blue,King Krule,1
Babies,Pulp,1
BUMP,BROCKHAMPTON,1
BULLETS,Kaytranada,1
BLOOD.,Kendrick Lamar,1
BERLIN,BROCKHAMPTON,1
BAll FOR ME,Post Malone,1
Awash,Manual,1
Autumnal,Teen Daze,1
Albatross,Foals,1
Airbag (Remastered),Radiohead,1
Cherry Waves,Deftones,1
451,Brand New,1
3 Knives,Code Orange,1
2PAC,BROCKHAMPTON,1
2:45 AM,Elliott Smith,1
21 M◊◊N WATER,Bon Iver,1
1997 DIANA,BROCKHAMPTON,1
1996 (Demo 2006),Brand New,1
1937 State Park,Car Seat Headrest,1
1901,Phoenix,1
160512,New Mountain,1
137,Brand New,1
134340,BTS,1
10 Mile Stereo,Beach House,1
00000 Million,Bon Iver,1
. . . Love,Shallou,1
(You're Better) Than Ever,Illuminati Hotties,1
(Guitar),alt-J,1
(Don't Fear) The Reaper,Blue Öyster Cult,1
3WW,alt-J,1
5 In the Morning,Charli XCX,1
Ain't No Rest for the Wicked - Original Version,Cage the Elephant,1
505,Arctic Monkeys,1
After 4AM,Long Arm,1
Africa,Weezer,1
Across the Sea,Weezer,1
Acid Hologram,Deftones,1
AUGUST 10,Khruangbin,1
A Three-Legged Workhorse,This Will Destroy You,1
A Lack of Color,Death Cab for Cutie,1
A Knife In The Ocean,Foals,1
A HYMN,Khruangbin,1
A Fan's Mail (Tron Song Suite II),Thundercat,1
A Change Of Seasons - The Crimson Sunrise / Innocence / Carpe Diem / The Darkest Of Winters / Another World / The Inevitable Summer / The Crimson Sunset [EP Version],Dream Theater,1
A Certain Romance,Arctic Monkeys,1
92 Explorer,Post Malone,1
8 Out of 10,Drake,1
8 (circle),Bon Iver,1
745,Vince Staples,1
7/4 (Shoreline) - (Shoreline),Broken Social Scene,1
Battery - Remastered,Metallica,1
Be Quiet and Drive (Far Away),Deftones,1
Beach Life-in-Death,Car Seat Headrest,1
COOLVERINE,Mogwai,1
CINEMA 3,BROCKHAMPTON,1
CINEMA 1,BROCKHAMPTON,1
CHICK,BROCKHAMPTON,1
CASH,BROCKHAMPTON,1
Butterfly,Weezer,1
Bus In These Streets,Thundercat,1
Burn the Witch,Radiohead,1
Burn It Down,Avenged Sevenfold,1
Bulls on Parade,Rage Against the Machine,1
Bullet Theory,Funeral for a Friend,1
Bug Thief,Iglooghost,1
Brother's Song (Demo 2006),Brand New,1
Broken Heart,Spiritualized,1
Brighter!,Cass McCombs,1
Bridges,Koresma,1
Brianstorm,Arctic Monkeys,1
Breaking the Habit,Linkin Park,1
CLOSE (feat. Travis Scott) - From SR3MM,Rae Sremmurd,1
California English Pt. 2,Vampire Weekend,1
Beast and the Harlot,Avenged Sevenfold,1
Can't Do Without You,Caribou,1
Chariot,Beach House,1
Change (In the House of Flies),Deftones,1
Champion,Kanye West,1
Chamber of Reflection,Mac DeMarco,1
Center of the Universe,Built to Spill,1
"Castles High, Marble Bright",Caspian,1
Carry That Weight - Remastered,The Beatles,1
"Caroline, No - Remastered",The Beach Boys,1
Captured Moments,Collapse Under the Empire,1
Captain Stupido,Thundercat,1
Cape Cod Kwassa Kwassa,Vampire Weekend,1
Cant Hear My Eyes,Ariel Pink,1
Cane Shuga,Glass Animals,1
Candy Paint,Post Malone,1
Candy May,Alex Cameron,1
Can't Tell Me Nothing,Kanye West,1
Can't Feel My Face,The Weeknd,1
Breaking All Illusions,Dream Theater,1
Breakfast,SoBs,1
Break Apart,Bonobo,1
Breadcrumb Trail,Slint,1
Black Magic,The Amazons,1
Black Beatles,Rae Sremmurd,1
Bitter Sweet Symphony,The Verve,1
"Bitch, Don’t Kill My Vibe",Kendrick Lamar,1
Birds & Bees,Vince Staples,1
Birds,M83,1
Big in Japan,Tom Waits,1
Big For Your Boots,Stormzy,1
Big Big Love (Fig. 2),Foals,1
Beyond Love,Beach House,1
Better Now,Post Malone,1
Bells Bleed & Bloom,EF,1
Believer,John Maus,1
"Belief - Live at the Nokia Theatre, Los Angeles, CA - December 2007",John Mayer,1
Before the Water Gets Too High,Parquet Courts,1
Bees,Caribou,1
Bedtime Stories (feat. The Weeknd) - From SR3MM,Rae Sremmurd,1
Blackkk,Thundercat,1
Blame It On Me,Post Malone,1
Blank Pages,The Album Leaf,1
Boomerang,Lower Than Atlantis,1
Brazil Is Here!,Foals,1
Brand New Cadillac,The Clash,1
Boys,BROCKHAMPTON,1
Boy,Instupendo,1
Bouquet,Counterparts,1
Bound 2,Kanye West,1
Border Line,King Krule,1
Bluish,Animal Collective,1
"Blinded By Your Grace, Pt. 1",Stormzy,1
Bluebird,Beach House,1
Blueberry Jam,Bonnie 'Prince' Billy,1
Blue Light,Mitski,1
Blue Filter,Delia Derbyshire Appreciation Society,1
Blue / Green,Cosmic child,1
Block You (Feat. Deko),Carnage,1
Blinded in Chains,Avenged Sevenfold,1
Golden Slumbers - Remastered,The Beatles,1
Good Guy (feat. Jessie Reyez),Eminem,1
Prelude,Foals,1
Natural Cause,Emancipator,1
Naked As We Came,Iron & Wine,1
Naja's Waltz,Fredrik Sjölin,1
Naivety,A Day to Remember,1
NYSMAW,Interpol,1
NYC Observation,Parquet Courts,1
Mývatna,Dreyma,1
My Shadow,Jay Reatard,1
My Roots Are Strong And Deep,The Microphones,1
My Own Summer (Shove It),Deftones,1
My Boy (Twin Fantasy),Car Seat Headrest,1
Murrow Turning Over in His Grave,Fleetwood Mac,1
Mr. Brightside,The Killers,1
Mr Skeng,Stormzy,1
Movin' On Up,Primal Scream,1
Mountain Child,Interpol,1
Mountain At My Gates,Foals,1
Motorola (Feat. Lil B),Carnage,1
Nara,alt-J,1
Naïve,The Kooks,1
Motif of Sighs (Nemu remix),Harunemuri,1
Near,Deafheaven,1
No Interruption,Hoodie Allen,1
No God Only Religion,Spiritualized,1
No Control,Brand New,1
No Answer 무소식,Mid-Air Thief,1
Night People,You Me at Six,1
Nice Guy (with Jessie Reyez),Eminem,1
Newark Wilder,Pavement,1
New Year,Beach House,1
New Theory,Washed Out,1
New Orleans,BROCKHAMPTON,1
New Man,Ed Sheeran,1
New Born,Muse,1
Never Had No One Ever - 2011 Remastered Version,The Smiths,1
Never Going Back Again - 2004 Remastered Edition,Fleetwood Mac,1
"Neon - Live at the Nokia Theatre, Los Angeles, CA - December 2007",John Mayer,1
Neighborhood #2 (Laïka),Arcade Fire,1
Need 2 - Audiotree Live Version,Pinegrove,1
Motion,Balam Acab,1
Moth's Wings,Passion Pit,1
No One Knows,Queens of the Stone Age,1
Malamente,Rosalía,1
Magnolia,Playboi Carti,1
Magic Shop,BTS,1
MILK,BROCKHAMPTON,1
MAKE MORE NOISE OF YOU,Haru Nemuri,1
Lysergic Bliss,of Montreal,1
Lucky (Remastered),Radiohead,1
Loving Is Easy,Rex Orange County,1
Love N Hennessy,A.CHAL,1
Love Me Like I Love Me,Satan Takes a Holiday,1
Love Is the Drug,Roxy Music,1
Love Hurts (feat. Travis Scott),Playboi Carti,1
Love Galore,SZA,1
Lost my Head there,Kurt Vile,1
Lost in Thought,Jon Hopkins,1
Loomer - Remastered Version,My Bloody Valentine,1
Long Time - Intro,Playboi Carti,1
London Thunder,Foals,1
Major League Chemicals,Unknown Mortal Orchestra,1
Mama,My Chemical Romance,1
More Than a Feeling,Boston,1
Mama's Gun,Glass Animals,1
Moonlight,Disclosure,1
Moon,Little People,1
Montreal,The Weeknd,1
Mlàdek,Russian Circles,1
Misty Mountain Hop,Led Zeppelin,1
Miss Right,Anderson .Paak,1
Misery Business,Paramore,1
Minuet No. 60 (Arr. For String Quartet),Traditional,1
Minetta Creek,Blood Orange,1
Million Dollars To Kill Me,Joyce Manor,1
Milk It,Nirvana,1
Midnight City,M83,1
Micheline,Sun Kil Moon,1
Me & My Dog,Julien Baker,1
May I Be the Light,Laura Marling,1
Maria También,Khruangbin,1
Man,Skepta,1
No Mistakes,Kanye West,1
No Servant of Mine,Counterparts,1
Good Life,Kanye West,1
Perfecto,Mac Miller,1
Perfect,Ed Sheeran,1
People Are Strange - New Stereo Mix Advanced Resolution,The Doors,1
Pennyroyal Tea,Nirvana,1
Paul - Skit,Paul Rosenberg,1
Past Lives,Real Estate,1
Passenger,Deftones,1
Party's Over,Interpol,1
Party Song,SoBs,1
Party Monster,The Weeknd,1
Parklife,Blur,1
Paris 1919,John Cale,1
Paranoid,Kanye West,1
Paradise,BTS,1
PRIDE.,Kendrick Lamar,1
PPP,Beach House,1
PEOPLE EVERYWHERE (STILL ALIVE),Khruangbin,1
Outside,Kero Kero Bonito,1
Perfect Morning - Speck from CYNE Remix,Long Arm,1
Perplexing Pegasus - From SR3MM,Rae Sremmurd,1
Out of Tune,Real Estate,1
Pet Sounds - Remastered,The Beach Boys,1
Prayers / Triangles,Deftones,1
Pray for Newtown,Sun Kil Moon,1
Powerglide (feat. Juicy J) - From SR3MM,Rae Sremmurd,1
Pork Soda,Glass Animals,1
Porcelain,Aeuria,1
Polska From Dorotea (Arr. For String Quartet),Traditional,1
Polish Girl,Neon Indian,1
Poke It Out (with Nicki Minaj),Playboi Carti,1
Points of Authority,Linkin Park,1
Poa Alpina,Biosphere,1
Plur Genocide (feat. Lockdown),Carnage,1
Plain Jane REMIX,A$AP Ferg,1
Pink Triangle,Weezer,1
Pink Maggit,Deftones,1
Pigs on the Wing 1,Pink Floyd,1
Pick Up,DJ Koze,1
Phantoms and Friends,Old Man Canyon,1
Outlaw,Emancipator,1
Out of Mana,Brand New,1
No Woman,Whitney,1
Old Soul Song (For the New World Order),Bright Eyes,1
Oh Daddy - 2004 Remastered Edition,Fleetwood Mac,1
Often,The Weeknd,1
Odessa,Caribou,1
Ode to Viceroy,Mac DeMarco,1
Octavarium,Dream Theater,1
Ocelot,Emancipator,1
Ocean Of Night,Editors,1
Oblivion,Grimes,1
OUTLIER,Bonobo,1
Now U Got Me Hooked,Against All Logic,1
Now Found Is The Fairest Of Roses (Arr. For String Quartet),Traditional,1
Nothing it Can,Helios,1
Not Alike (feat. Royce Da 5'9),Eminem,1
Not Abel,Hop Along,1
Normal Girl,SZA,1
Normal,Eminem,1
Nobody,Mitski,1
Old Money,Playboi Carti,1
Old Yellow Bricks,Arctic Monkeys,1
Out Of Your League,Blood Orange,1
Olympic Airways,Foals,1
Out Getting Ribs,King Krule,1
Our Love Comes Back,James Blake,1
Otherside,Post Malone,1
Orlando,Blood Orange,1
Orgoned,Kiasmos,1
Opposite House,Cass McCombs,1
Only Shallow - Remastered Version,My Bloody Valentine,1
Only Ones Who Know,Arctic Monkeys,1
Only Acting,Kero Kero Bonito,1
One More Love Song,Mac DeMarco,1
One More Hour,Sleater-Kinney,1
One I Want (feat. PARTYNEXTDOOR),Majid Jordan,1
One Armed Scissor,At the Drive-In,1
On the boom,tricot,1
On the Turning Away,Pink Floyd,1
On the Sea,Beach House,1
Omega,Periphery,1
London Calling - Remastered,The Clash,1
Logic Of A Dream,Explosions in the Sky,1
Lo Que Siento,Cuco,1
I Get Nervous,Lower Dens,1
"I Don't Trust Myself (With Loving You) - Live at the Nokia Theatre, Los Angeles, CA - December 2007",John Mayer,1
I Don't Care,Evanturetime,1
I Can Almost See You,Hammock,1
I Came Running,Ancient Astronauts,1
Hymn For the Greatest Generation,Caspian,1
Hurrah,Iceage,1
Hur var du i aftes så sildig (Arr. For String Quartet),Traditional,1
Hunger,Florence + the Machine,1
Hundrede Træer,Ed Carlsen,1
Hunchback,SoBs,1
Hummer - Surkin Remix,Foals,1
Humility (feat. George Benson),Gorillaz,1
House of Wolves,My Chemical Romance,1
Hotel California,Eagles,1
Hot Thoughts,Spoon,1
Hopeful,The Tides,1
Hope,Blood Orange,1
I Don't Want To Know - 2004 Remastered Edition,Fleetwood Mac,1
I Got Bones,Danny Worsnop,1
Home [Scene Six],Dream Theater,1
I Heard It Through The Grapevine,Colouring,1
If You Really Love Nothing,Interpol,1
Identikit,Radiohead,1
I'm Waiting For The Day - Remastered,The Beach Boys,1
I'm Not Okay (I Promise),My Chemical Romance,1
"I'm Jim Morrison, I'm Dead",Mogwai,1
I lived on the Moon,Kwoon,1
I Wonder,Kanye West,1
I Watched the Film The Song Remains the Same,Sun Kil Moon,1
I Want It That Way,Backstreet Boys,1
I Thought About Killing You,Kanye West,1
I Think Ur a Contra,Vampire Weekend,1
I Shall Love 2 - Edit,Julia Holter,1
I Only Know - What I Know Now,James Blake,1
I Never Dream,Against All Logic,1
I Know There's An Answer - Remastered,The Beach Boys,1
I Know It's Over - 2011 Remastered Version,The Smiths,1
I Just Wasn't Made For These Times - Remastered,The Beach Boys,1
Home of the Brave,Spiritualized,1
Home (KOD),Playboi Carti,1
Live In Dreams,Wild Nothing,1
Has This Hit?,King Krule,1
Hang on to Your Ego,The Beach Boys,1
Handcuffs,Brand New,1
Hand-made - (Hidden track),alt-J,1
Halfway Home,TV on the Radio,1
Halfway Home,Broken Social Scene,1
Hair Cutter,Animal Collective,1
Had Enough,Lower Than Atlantis,1
HONEY,BROCKHAMPTON,1
HEAT,BROCKHAMPTON,1
Guys Eyes,Animal Collective,1
Greenland,Emancipator,1
Greatest,Eminem,1
Grand Paradise,Foxing,1
Grains,Bonobo,1
Good News On The Remix - Interlude,X Ambassadors,1
Good Morning,Kanye West,1
Good Man (Demo 2006),Brand New,1
Harness Your Hopes - b-side,Pavement,1
Haunt Me,Counterparts,1
Home,Edward Sharpe & The Magnetic Zeros,1
He Would Have Laughed,Deerhunter,1
Hold My Liquor,Kanye West,1
Hit the Plane Down,Pavement,1
Highway 61 Revisited,Bob Dylan,1
Hey Ya! - Radio Mix / Club Mix,OutKast,1
Hey Jude - Remastered 2015,The Beatles,1
Hey - Live,Pixies,1
Hey (Remastered) - Live,Pixies,1
Hexes,TesseracT,1
Here Today - Remastered,The Beach Boys,1
Here Come The Rome Plows,Drive Like Jehu,1
Help,Papa Roach,1
Helena (So Long & Goodnight),My Chemical Romance,1
Heavy Water,Foals,1
Heaven Is a Truck,Pavement,1
Heat Wave,Snail Mail,1
Headlock (feat. Killy),Carnage,1
Headless Horseman,The Microphones,1
Ignition,Myrne,1
Ignition,William Singe,1
Ignition / Do You... (Mashup),Phoebe Ryan,1
Learning to Fly,Pink Floyd,1
Layla - 40th Anniversary Version / 2010 Remastered,Derek and the Dominos,1
Last Last Fall,Jonwayne,1
Last Day . . .,Shallou,1
Last Call,Kanye West,1
La femme d'argent,Air,1
La Di Da,VUKOVI,1
LUST.,Kendrick Lamar,1
LOYALTY. FEAT. RIHANNA.,Kendrick Lamar,1
LOVE MAZE,BTS,1
LIQUID,BROCKHAMPTON,1
LAMPOON,Vant,1
Korea,Deftones,1
Know You,Against All Logic,1
Klavierwerke,James Blake,1
King of Carrot Flowers Pt. 1,Neutral Milk Hotel,1
King Night,Salem,1
Kill V. Maim,Grimes,1
Lean 4 Real (feat. Skepta),Playboi Carti,1
Leather Wings,This Will Destroy You,1
Immigrant Song,Led Zeppelin,1
Leathers,Deftones,1
Lit Me Up,Brand New,1
Lindisfarne II,James Blake,1
Lindisfarne I,James Blake,1
Like Swimming,Foals,1
Life Itself,Glass Animals,1
Life Is A Fear,Editors,1
Librarian,My Morning Jacket,1
Lhabia,Deftones,1
Levitation,Beach House,1
Let's Go Away For A While - Remastered,The Beach Boys,1
Let Yourself Be Huge,Cloudkicker,1
Let You Down,Seether,1
Les OS,The Unicorns,1
Lebanese Blonde,Thievery Corporation,1
Leavings,Hauste,1
Leaving the Tetons,Mark Preston,1
Leave Him Now,Cloud Nothings,1
Kids On Holiday,Animal Collective,1
Kids,MGMT,1
Kanye West (feat. Wyclef Jean),Young Thug,1
Kanta's Theme,Chris Walla,1
"Island, IS",Volcano Choir,1
Irene,Beach House,1
Intro,The xx,1
Intro,M83,1
Intrepid,Pinegrove,1
Intermezzo,Fredrik Sjölin,1
Interlude I (The Ripe & Ruin),alt-J,1
Interlude 1,Interpol,1
Institutionalized,Kendrick Lamar,1
Instant Crush (feat. Julian Casablancas),Daft Punk,1
Inoculate The Innocuous,The Unicorns,1
Infrared,Pusha T,1
In the Water,Brand New,1
In Illusions Of Order,Red Sparowes,1
In Cold Blood,alt-J,1
In Circles - Remastered,Sunny Day Real Estate,1
In Bloom - Nevermind Version,Nirvana,1
Islands,Gravenhurst,1
It Ain't Hard to Tell,Nas,1
"It Takes a Lot to Laugh, It Takes a Train to Cry",Bob Dylan,1
Jewelry,Blood Orange,1
Jord,møl,1
Jonestown (Interlude),Post Malone,1
Jimmy Jazz,The Clash,1
Jim Wise,Sun Kil Moon,1
Jilted Lovers,The Naked and Famous,1
Jigsaw Falling Into Place,Radiohead,1
Jezebel,Iron & Wine,1
Jethro,Thundercat,1
"It's Called, 'Daisy'",Her Name Is Calla,1
Jamie - DGC Rarities Version,Weezer,1
JOHNNY,BROCKHAMPTON,1
JESUS,BROCKHAMPTON,1
JELLO,BROCKHAMPTON,1
Itch,Nothing But Thieves,1
It's Real,Real Estate,1
It's Okay To Cry,Sophie,1
赦された投身,Heaven in Her Arms,1
