artist,track
Animal Collective,in the flowers
Animal Collective,also frightened
Animal Collective,summertime clothes
Animal Collective,no more runnin
Animal Collective,guys eyes
Animal Collective,my girls
Animal Collective,lion in a coma
Animal Collective,brother sport
Animal Collective,taste
Animal Collective,bluish
Animal Collective,daily routine
Arcade Fire,neighborhood #4 (7 kettles)
Arcade Fire,empty room
Arcade Fire,we used to wait
Arcade Fire,city with no children
Arcade Fire,deep blue
Arcade Fire,suburban war
Arcade Fire,crown of love
Arcade Fire,the suburbs
Arcade Fire,neighborhood #2 (laika)
Arcade Fire,une annee sans lumiere
Arcade Fire,neighborhood #1 (tunnels)
Arcade Fire,rebellion (lies)
Arcade Fire,sprawl i (flatland)
Arcade Fire,haiti
Arcade Fire,in the backseat
Arcade Fire,half light ii (no celebration)
Arcade Fire,wasted hours
Arcade Fire,half light i
Arcade Fire,neighborhood #3 (power out)
Arcade Fire,sprawl ii (mountains beyond mountains)
Arcade Fire,modern man
Arcade Fire,rococo
Arcade Fire,ready to start
Arcade Fire,the suburbs (continued)
Arcade Fire,.DS_Store
Arcade Fire,wake up
Arcade Fire,month of may
Arctic Monkeys,d is for dangerous
Arctic Monkeys,do me a favour
Arctic Monkeys,fluorescent adolescent
Arctic Monkeys,"if you were there, beware"
Arctic Monkeys,the bad thing
Arctic Monkeys,only ones who know
Arctic Monkeys,this house is a circus
Arctic Monkeys,teddy picker
Arctic Monkeys,balaclava
Arctic Monkeys,old yellow bricks
Arctic Monkeys,brianstorm
Arctic Monkeys,505
BROCKHAMPTON,.DS_Store
BROCKHAMPTON,boogie
BROCKHAMPTON,cinema 1
BROCKHAMPTON,cinema 3
BROCKHAMPTON,cinema 2
BROCKHAMPTON,bleach
BROCKHAMPTON,alaska
BROCKHAMPTON,stupid
BROCKHAMPTON,team
BROCKHAMPTON,rental
BROCKHAMPTON,BROCKHAMPTON sister nation
BROCKHAMPTON,liquid
BROCKHAMPTON,zipper
BROCKHAMPTON,stains
BROCKHAMPTON,johnny
BROCKHAMPTON,hottie
Beach House,l'inconnue
Beach House,irene
Beach House,lazuli
Beach House,pay no mind
Beach House,last ride
Beach House,lemon glow
Beach House,wild
Beach House,new year
Beach House,woo
Beach House,dark spring
Beach House,other people
Beach House,troublemaker
Beach House,drunk in la
Beach House,the hours
Beach House,myth
Beach House,lose your smile
Beach House,on the sea
Beach House,wishes
Beach House,black car
Beach House,girl of the year
Beach House,dive
Bloc Party,compliments
Bloc Party,banquet
Bloc Party,the pioneers
Bloc Party,blue light
Bloc Party,like eating glass
Bloc Party,plans
Bloc Party,so here we are
Bloc Party,positive tension
Bloc Party,helicopter
Bloc Party,this modern love
Bloc Party,luno
Bloc Party,she's hearing voices
Bon Iver,creature fear
Bon Iver,wash
Bon Iver,blindsided
Bon Iver,michicant
Bon Iver,perth
Bon Iver,team
Bon Iver,for emma
Bon Iver,calgary
Bon Iver,"lisbon, oh"
Bon Iver,the wolves (act i and ii)
Bon Iver,skinny love
Bon Iver,lump sum
Bon Iver,flume
Bon Iver,holocene
Bon Iver,bethrest
Bon Iver,towers
Bon Iver,re stacks
Bon Iver,"hinnom, tx"
Bon Iver,"minnesota, wi"
Bonobo,break apart
Bonobo,ontario
Bonobo,kerala
Bonobo,surface
Bonobo,figures
Bonobo,second sun
Bonobo,outlier
Bonobo,migration
Bonobo,grains
Bonobo,no reason
Bonobo,bambro koyo ganda
Bonobo,7th sevens
Brand New,welcome to bangkok
Brand New,not the sun
Brand New,.DS_Store
Brand New,jesus christ
Brand New,degausser
Brand New,you won't know
Brand New,sowing season (yeah)
Brand New,untitled
Brand New,handcuffs
Brand New,millstone
Brand New,limousine
Brand New, archers
Brand New,luca
Bright Eyes,another travelin' song
Bright Eyes,poison oak
Bright Eyes,first day of my life
Bright Eyes,we are nowhere and it's now
Bright Eyes,at the bottom of everything
Bright Eyes,road to joy
Bright Eyes,lua
Bright Eyes,train under water
Bright Eyes,.DS_Store
Bright Eyes,old soul song (for the new world order)
Bright Eyes,Bright Eyes land locked blues
Car Seat Headrest,drunk driverskiller whales
Car Seat Headrest,the ballad of the costa concordia
Car Seat Headrest,fill in the blank
Car Seat Headrest,not what i needed
Car Seat Headrest,cosmic hero
Car Seat Headrest,1937 state park
Car Seat Headrest,vincent
Car Seat Headrest,unforgiving girl (she's not an)
Car Seat Headrest,destroyed by hippie powers
Car Seat Headrest,connect the dots (the saga of frank sinatra)
Car Seat Headrest,(joe gets kicked out of school for using) drugs with friends (but says this isn't a problem)
Car Seat Headrest,joe goes to school
Charli XCX,Charli XCX tears (feat. caroline polachek)
Charli XCX,Charli XCX porsche (feat. mo)
Charli XCX,lucky
Charli XCX,Charli XCX femmebot (feat. dorian electra and mykki blanco)
Charli XCX,Charli XCX backseat (feat. carly rae jepsen)
Charli XCX,.DS_Store
Charli XCX,track 10
Charli XCX,Charli XCX out of my head (feat. tove lo and alma)
Charli XCX,Charli XCX unlock it (feat. kim petras and jay park)
Charli XCX,Charli XCX delicious (feat. tommy cash)
Chromatics,the river
Chromatics,at your door
Chromatics,running from the sun
Chromatics,lady
Chromatics,there's a light out on the horizon
Chromatics,into the black
Chromatics,dust to dust
Chromatics,kill for love
Chromatics,a matter of time
Chromatics,these streets will never look the same
Chromatics,birds of paradise
Chromatics,the page
Chromatics,broken mirrors
Chromatics,back from the grave
Chromatics,the eleventh hour
Chromatics,candy
Daft Punk,motherboard
Daft Punk,within
Daft Punk,contact
Daft Punk,the game of love
Daft Punk,doin' it right
Daft Punk,giorgio by moroder
Daft Punk,instant crush
Daft Punk,give life back to music
Daft Punk,fragments of time
Daft Punk,touch
Daft Punk,beyond
Daft Punk,lose yourself to dance
Daft Punk,get lucky
Deafheaven,please remember
Deafheaven,sunbather
Deafheaven,dream house
Deafheaven,the pecan tree
Deafheaven,vertigo
Deafheaven,windows
Deafheaven,irresistible
Death Cab for Cutie,the new year
Death Cab for Cutie,tiny vessels
Death Cab for Cutie,death of an interior decorator
Death Cab for Cutie,transatlanticism
Death Cab for Cutie,title and registration
Death Cab for Cutie,passenger seat
Death Cab for Cutie,expo '86
Death Cab for Cutie,a lack of color
Death Cab for Cutie,lightness
Death Cab for Cutie,the sound of settling
Death Cab for Cutie,we looked like giants
Deftones,feiticeira
Deftones,street carp
Deftones,korea
Deftones,pink maggit
Deftones,knife prty
Deftones,teenager
Deftones,.DS_Store
Deftones,rx queen
Deftones,Deftones back to school - mini maggit
Deftones,change (in the house of flies)
Deftones,digital bath
Deftones,elite
Deftones,passenger
Denzel Curry,taboo | ta13oo
Denzel Curry,sumo | zumo
Denzel Curry,super saiyan superman | zuper za1yan zuperman
Denzel Curry,percs | percz
Denzel Curry,switch it up | zwitch 1t up
Denzel Curry,mad i got it | mad 1 got 1t
Denzel Curry,.DS_Store
Denzel Curry,Denzel Curry sirens
Denzel Curry,black metal terrorist | 13 m t
Denzel Curry,Denzel Curry cash maniac
Denzel Curry,clout cobain | clout co13a1n
Denzel Curry,the blackest balloon | the 13lackezt 13alloon
Denzel Curry,Denzel Curry black balloons
Denzel Curry,Denzel Curry vengeance
Dream Theater,fatal tragedy
Dream Theater,home
Dream Theater,one last time
Dream Theater,strange deja vu
Dream Theater,regression
Dream Theater,beyond this life
Dream Theater,finally free
Dream Theater,through her eyes
Dream Theater,through my words
Dream Theater,the spirit carries on
Fleet Foxes,tiger mountain peasant song
Fleet Foxes,he doesn't know why
Fleet Foxes,"if you need to, keep time on me"
Fleet Foxes,sun it rises
Fleet Foxes,"- naiads, cassadies"
Fleet Foxes,meadowlarks
Fleet Foxes,quiet houses
Fleet Foxes,sim sala bim
Fleet Foxes,.DS_Store
Fleet Foxes,battery kinzie
Fleet Foxes,helplessness blues
Fleet Foxes,white winter hymnal
Fleet Foxes,crack-up
Fleet Foxes,"Fleet Foxes cassiu -"""
Fleet Foxes,your protector
Fleet Foxes,blue ridge mountains
Fleet Foxes,someone you'd admire
Fleet Foxes,heard them stirring
Fleet Foxes,Fleet Foxes third of may odaigahara
Fleet Foxes,kept woman
Fleet Foxes,grown ocean
Fleet Foxes,oliver james
Fleet Foxes,the shrine  an argument
Fleet Foxes,fool's errand
Fleet Foxes,blue spotted tail
Fleet Foxes,ragged wood
Fleet Foxes,bedouin dress
Fleet Foxes,the cascades
Fleet Foxes,lorelai
Fleet Foxes,i should see memphis
Fleet Foxes,mearcstapa
Fleet Foxes,montezuma
Fleet Foxes,the plains  bitter dancer
Fleet Foxes,i am all that i need  arroyo seco  thumbprint scar
Fleet Foxes,on another ocean (january  june)
Fleetwood Mac,gold dust woman
Fleetwood Mac,songbird
Fleetwood Mac,Fleetwood Mac don't stop
Fleetwood Mac,dreams
Fleetwood Mac,Fleetwood Mac i don't want to know
Fleetwood Mac,the chain
Fleetwood Mac,go your own way
Fleetwood Mac,you make loving fun
Fleetwood Mac,.DS_Store
Fleetwood Mac,never going back again
Fleetwood Mac,second hand news
Fleetwood Mac,oh daddy
Foals,like swimming
Foals,cassius
Foals,red socks pugie
Foals,heavy water
Foals,balloons
Foals,"two steps, twice"
Foals,olympic airways
Foals,big big love (fig 
Foals,tron
Foals,electric bloom
Foals,the french open
Foals,dearth
Foals,brazil is here
Frank Ocean,nights
Frank Ocean,white
Frank Ocean,forrest gump
Frank Ocean,bad religion
Frank Ocean,nikes
Frank Ocean,be yourself
Frank Ocean,seigfried
Frank Ocean,lost
Frank Ocean,skyline to
Frank Ocean,self control
Frank Ocean,solo
Frank Ocean,white ferrari
Frank Ocean,Frank Ocean end
Frank Ocean,pink + white
Frank Ocean,fertilizer
Frank Ocean,sierra leone
Frank Ocean,futura free
Frank Ocean,pilot jones
Frank Ocean,facebook story
Frank Ocean,solo (reprise)
Frank Ocean,.DS_Store
Frank Ocean,pyramids
Frank Ocean,ivy
Frank Ocean,pretty sweet
Frank Ocean,sweet life
Frank Ocean,good guy
Frank Ocean,start
Frank Ocean,pink matter
Frank Ocean,close to you
Frank Ocean,thinkin bout you
Frank Ocean,not just money
Frank Ocean,super rich kids
Frank Ocean,godspeed
Frank Ocean,monks
Glass Animals,mama's gun
Glass Animals,pork soda
Glass Animals,youth
Glass Animals,agnes
Glass Animals,poplar st
Glass Animals,[premade sandwiches]
Glass Animals,take a slice
Glass Animals,cane shuga
Glass Animals,life itself
Glass Animals,the other side of paradise
Godspeed You! Black Emperor,static
Godspeed You! Black Emperor,sleep
Godspeed You! Black Emperor,storm
Have A Nice Life,there is no food
Have A Nice Life,the big gloom
Have A Nice Life,.DS_Store
Have A Nice Life,i don't love
Have A Nice Life,earthmover
Have A Nice Life,bloodhail
Have A Nice Life,who would leave their son out in the sun?
Have A Nice Life,a quick one before the eternal worm devours connecticut
Have A Nice Life,the future
Have A Nice Life,Have A Nice Life telephony
Have A Nice Life,hunter
Have A Nice Life,waiting for black metal records to come in the mail
Have A Nice Life,"deep, deep"
Have A Nice Life,"holy fucking shit: 40,000"
IDLES,never fight a man with a perm
IDLES,june
IDLES,great
IDLES,rottweiler
IDLES,samaritans
IDLES,television
IDLES,i'm scum
IDLES,love song
IDLES,danny nedelko
IDLES,cry to me
IDLES,gram rock
IDLES,colossus
Interpol,leif erikson
Interpol,pda
Interpol,roland
Interpol,say hello to the angels
Interpol,nyc
Interpol,obstacle 2
Interpol,obstacle 1
Interpol,the new
Interpol,stella was a diver and she was always down
Interpol,untitled
Interpol,hands away
Iron Maiden,losfer words (big 'orra)
Iron Maiden,powerslave
Iron Maiden,2 minutes to midnight
Iron Maiden,aces high
Iron Maiden,back in the village
Iron Maiden,flash of the blade
Iron Maiden,rime of the ancient mariner
John Mayer,vultures
John Mayer,free fallin'
John Mayer,the heart of life
John Mayer,belief
John Mayer,waiting on the world to change
John Mayer,i'm gonna find another you
John Mayer,neon
John Mayer,slow dancing in a burning room
John Mayer,why georgia
John Mayer,in your atmosphere
John Mayer,bold as love
John Mayer,gravity
John Mayer,daughters
John Mayer,i don't trust myself (with loving you)
John Mayer,stop this train
John Mayer,i don't need no doctor
KIDS SEE GHOSTS,kids see ghosts
KIDS SEE GHOSTS,freeee (ghost town pt
KIDS SEE GHOSTS,4th dimension
KIDS SEE GHOSTS,feel the love
KIDS SEE GHOSTS,cudi montage
KIDS SEE GHOSTS,reborn
KIDS SEE GHOSTS,fire
Kanye West,jesus walks
Kanye West,school spirit
Kanye West,last call
Kanye West,workout plan
Kanye West,the new workout plan
Kanye West,intro
Kanye West,i wonder
Kanye West,everything i am
Kanye West,blame game
Kanye West,homecoming
Kanye West,all falls down
Kanye West,two words
Kanye West,so appalled
Kanye West,flashing lights
Kanye West,power
Kanye West,devil in a new dress
Kanye West,barry bonds
Kanye West,dark fantasy
Kanye West,get em high
Kanye West,we don't care
Kanye West,drunk and hot girls
Kanye West,all of the lights (interlude)
Kanye West,stronger
Kanye West,graduation day
Kanye West,good morning
Kanye West,monster
Kanye West,hell of a life
Kanye West,can't tell me nothing
Kanye West,who will survive in america
Kanye West,big brother
Kanye West,good life
Kanye West,family business
Kanye West,through the wire
Kanye West,never let me down
Kanye West,good night
Kanye West,champion
Kanye West,the glory
Kanye West,lost in the world
Kanye West,i'll fly away
Kanye West,breathe in breathe out
Kanye West,gorgeous
Kanye West,spaceship
Kanye West,runaway
Kanye West,all of the lights
Kendrick Lamar,how much a dollar cost
Kendrick Lamar,lust
Kendrick Lamar,blood
Kendrick Lamar,backseat freestyle
Kendrick Lamar,wesley's theory
Kendrick Lamar,yah
Kendrick Lamar,m
Kendrick Lamar,good kid
Kendrick Lamar,sherane a
Kendrick Lamar,Kendrick Lamar loyalty
Kendrick Lamar,mortal man
Kendrick Lamar,fear
Kendrick Lamar,the art of peer pressure
Kendrick Lamar,"bitch, don't kill my vibe"
Kendrick Lamar,complexion (a zulu love)
Kendrick Lamar,these walls
Kendrick Lamar,momma
Kendrick Lamar,dna
Kendrick Lamar,alright
Kendrick Lamar,pride
Kendrick Lamar,hood politics
Kendrick Lamar,feel
Kendrick Lamar,u
Kendrick Lamar,you ain't gotta lie (momma said)
Kendrick Lamar,money trees
Kendrick Lamar,the blacker the berry
Kendrick Lamar,Kendrick Lamar i
Kendrick Lamar,poetic justice
Kendrick Lamar,Kendrick Lamar swimming pools (drank) - extended version
Kendrick Lamar,.DS_Store
Kendrick Lamar,Kendrick Lamar xxx. feat. u2.
Kendrick Lamar,real
Kendrick Lamar,god
Kendrick Lamar,institutionalized
Kendrick Lamar,duckworth
Kendrick Lamar,"sing about me, i'm dying of thirst"
Kendrick Lamar,compton
Linkin Park,crawling
Linkin Park,pushing me away
Linkin Park,one step closer
Linkin Park,high voltage
Linkin Park,breaking the habit
Linkin Park,from the inside
Linkin Park,faint
Linkin Park,don't stay
Linkin Park,somewhere i belong
Linkin Park,numb
Linkin Park,session
Linkin Park,by myself
Linkin Park,with you
Linkin Park,lying from you
Linkin Park,forgotten
Linkin Park,a place for my head
Linkin Park,hit the floor
Linkin Park,nobody's listening
Linkin Park,figure
Linkin Park,points of authority
Linkin Park,my december
Linkin Park,easier to run
Linkin Park,runaway
Linkin Park,foreword
Linkin Park,papercut
Linkin Park,in the end
Linkin Park,cure for the itch
M83,graveyard girl
M83,up!
M83,kim & jessie
M83,highway of endless dreams
M83,skin of the night
M83,you appearing
M83,too late
M83,midnight souls still remain
M83,couleurs
M83,we own the sky
M83,up !
M83,dark moves of love
Massive Attack,mezzanine
Massive Attack,dissolved girl
Massive Attack,(exchange)
Massive Attack,angel
Massive Attack,man next door
Massive Attack,risingson
Massive Attack,exchange
Massive Attack,group four
Massive Attack,inertia creeps
Massive Attack,black milk
Massive Attack,teardrop
Metallica,welcome home (sanitarium)
Metallica,the thing that should not be
Metallica,battery
Metallica,orion
Metallica,disposable heroes
Metallica,master of puppets
Metallica,leper messiah
Metallica,"damage, inc"
Modest Mouse,gravity rides everything
Modest Mouse,the stars are projectors
Modest Mouse,a different city
Modest Mouse,dark center of the universe
Modest Mouse,i came as a rat
Modest Mouse,paper thin walls
Modest Mouse,tiny cities made of ashes
Modest Mouse,life like weeds
Modest Mouse,alone down there
Modest Mouse,lives
Modest Mouse,wild packs of family dogs
Modest Mouse,3rd planet
Modest Mouse,the cold part
Modest Mouse,perfect disguise
Modest Mouse,what people are made of
My Chemical Romance,i don't love you
My Chemical Romance,mama
My Chemical Romance,famous last words
My Chemical Romance,this is how i disappear
My Chemical Romance,disenchanted
My Chemical Romance,the end
My Chemical Romance,dead!
My Chemical Romance,sleep
My Chemical Romance,welcome to the black parade
My Chemical Romance,house of wolves
My Chemical Romance,teenagers
My Chemical Romance,the sharpest lives
My Chemical Romance,cancer
Neutral Milk Hotel,ghost
Neutral Milk Hotel,.DS_Store
Neutral Milk Hotel,Neutral Milk Hotel two headed boy
Neutral Milk Hotel,the king of carrot flowers pt
Neutral Milk Hotel,communist daughter
Neutral Milk Hotel,untitled
Neutral Milk Hotel,the fool
Neutral Milk Hotel,Neutral Milk Hotel the king of carrot flowers parts two and three
Neutral Milk Hotel,"holland, 1945"
Neutral Milk Hotel,in the aeroplane over the sea
Neutral Milk Hotel,oh comely
Neutral Milk Hotel,Neutral Milk Hotel two headed boy part two
Pixies,here comes your man
Pixies,dead
Pixies,silver
Pixies,there goes my gun
Pixies,i bleed
Pixies,debaser
Pixies,no 13 baby
Pixies,wave of mutilation
Pixies,la la love you
Pixies,tame
Pixies,crackity jones
Pixies,gouge away
Pixies,monkey gone to heaven
Pixies,mr
Pixies,hey
Pulp,bar italia
Pulp,i spy
Pulp,mis-shapes
Pulp,pencil skirt
Pulp,f
Pulp,something changed
Pulp,common people
Pulp,live bed show
Pulp,monday morning
Pulp,.DS_Store
Pulp,disco 2000
Pulp,Pulp sorted for e's & wizz
Pulp,underwear
Radiohead,lift
Radiohead,in limbo
Radiohead,motion picture soundtrack
Radiohead,present tense
Radiohead,morning bell
Radiohead,the tourist 
Radiohead,lull 
Radiohead,optimistic
Radiohead,everything in its right place
Radiohead,i promise
Radiohead,kid a
Radiohead,the national anthem
Radiohead,ful stop
Radiohead,fake plastic trees
Radiohead,climbing up the walls 
Radiohead,let down 
Radiohead,polyethylene (parts 1 & 2) 
Radiohead,15 step
Radiohead,the numbers
Radiohead,just
Radiohead,electioneering 
Radiohead,street spirit (fade out)
Radiohead,burn the witch
Radiohead,sulk
Radiohead,(nice dream)
Radiohead,Radiohead weird fishes arpeggi
Radiohead,treefingers
Radiohead,my iron lung
Radiohead,how to disappear completely
Radiohead,.DS_Store
Radiohead,desert island disk
Radiohead,bodysnatchers
Radiohead,a reminder 
Radiohead,bones
Radiohead,jigsaw falling into place
Radiohead,nude
Radiohead,decks dark
Radiohead,lucky 
Radiohead,faust arp
Radiohead,untitled
Radiohead,fitter happier 
Radiohead,true love waits
Radiohead,idioteque
Radiohead,planet telex
Radiohead,how i made my millions 
Radiohead,pearly* 
Radiohead,black star
Radiohead,daydreaming
Radiohead,the bends
Radiohead,glass eyes
Radiohead,reckoner
Radiohead,no surprises 
Radiohead,tinker tailor soldier sailor rich man poor man beggar man thief
Radiohead,videotape
Radiohead,man of war
Radiohead,melatonin 
Radiohead,exit music (for a film) 
Radiohead,palo alto 
Radiohead,bullet proof 
Radiohead,paranoid android 
Radiohead,meeting in the aisle 
Radiohead,high and dry
Radiohead,airbag 
Radiohead,all i need
Radiohead,identikit
Radiohead,subterranean homesick alien 
Radiohead,house of cards
Radiohead,karma police 
Sun Kil Moon,i can't live without my mother's love
Sun Kil Moon,truck driver
Sun Kil Moon,micheline
Sun Kil Moon,ben's my friend
Sun Kil Moon,richard ramirez died today of natural causes
Sun Kil Moon,i watched the film the song remains the same
Sun Kil Moon,jim wise
Sun Kil Moon,pray for newtown
Sun Kil Moon,i love my dad
Sun Kil Moon,dogs
Sun Kil Moon,carissa
Tame Impala,the moment
Tame Impala,let it happen
Tame Impala,loveparanoia
Tame Impala,yes i'm changing
Tame Impala,nangs
Tame Impala,disciples
Tame Impala,"new person, same old mistakes"
Tame Impala,.DS_Store
Tame Impala,eventually
Tame Impala,Tame Impala love paranoia
Tame Impala,the less i know the better
Tame Impala,reality in motion
Tame Impala,gossip
Tame Impala,'cause i'm a man
Tame Impala,past life
TesseracT,dystopia
TesseracT,messenger
TesseracT,phoenix
TesseracT,seven names
TesseracT,survival
TesseracT,hexes
TesseracT,utopia
TesseracT,tourniquet
TesseracT,cages
The Cure,last dance
The Cure,lullaby
The Cure,untitled
The Cure,homesick
The Cure,plainsong
The Cure,the same deep water as you
The Cure,fascination street
The Cure,prayers for rain
The Cure,closedown
The Cure,pictures of you
The Cure,disintegration
The Cure,lovesong
The Microphones,i felt your shape
The Microphones,the mansion
The Microphones,i am bored
The Microphones,my roots are strong and deep
The Microphones,my warm blood
The Microphones,you'll be in the air
The Microphones,i want wind to blow
The Microphones,"the glow, pt"
The Microphones,the moon
The Microphones,samurai sword
The Microphones,headless horseman
The Microphones,i felt my size
The Microphones,i'll not contain you
The Microphones,"the gleam, pt"
The Microphones,i want to be cold
The Microphones,(something)
The Microphones,map
The Strokes,"alone, together"
The Strokes,last nite
The Strokes,new york city cops
The Strokes,trying your luck
The Strokes,take it or leave it
The Strokes,the modern age
The Strokes,someday
The Strokes,hard to explain
The Strokes,soma
The Strokes,is this it
The Strokes,barely legal
The Unicorns,tuff ghost
The Unicorns,les os
The Unicorns,ghost mountain
The Unicorns,the clap
The Unicorns,sea ghost
The Unicorns,i was born (a unicorn)
The Unicorns,child star
The Unicorns,ready to die
The Unicorns,tuff luff
The Unicorns,i don't wanna die
The Unicorns,let's get known
The Unicorns,jellybones
The Unicorns,inoculate the innocuous
The Weeknd,twenty eight
The Weeknd,same old song
The Weeknd,thursday
The Weeknd,the knowing
The Weeknd,real life
The Weeknd,d
The Weeknd,high for this
The Weeknd,the fall
The Weeknd,The Weeknd the birds 2
The Weeknd,next
The Weeknd,losers
The Weeknd,loft music
The Weeknd,outside
The Weeknd,tell your friends
The Weeknd,the party & the after party
The Weeknd,prisoner
The Weeknd,valerie
The Weeknd,can't feel my face
The Weeknd,dark times
The Weeknd,shameless
The Weeknd,coming down
The Weeknd,The Weeknd house of balloons glass table girls
The Weeknd,wicked games
The Weeknd,montreal
The Weeknd,what you need
The Weeknd,The Weeknd xo the host
The Weeknd,as you are
The Weeknd,acquainted
The Weeknd,the morning
The Weeknd,often
The Weeknd,in the night
The Weeknd,xo  the host
The Weeknd,The Weeknd the birds 
The Weeknd,house of balloons  glass table girls
The Weeknd,echoes of silence
The Weeknd,rolling stone
The Weeknd,life of the party
The Weeknd,.DS_Store
The Weeknd,till dawn (here comes the sun)
The Weeknd,initiation
The Weeknd,gone
The Weeknd,the hills
The Weeknd,lonely star
The Weeknd,the zone
The Weeknd,heaven or las vegas
The Weeknd,angel
Travis Scott,carousel
Travis Scott,can't say
Travis Scott,wake up
Travis Scott,who? what!
Travis Scott,astrothunder
Travis Scott,no bystanders
Travis Scott,yosemite
Travis Scott,sicko mode
Travis Scott,stargazing
Travis Scott,nc-17
Travis Scott,houstonfornication
Travis Scott,butterfly effect
Travis Scott,5% tint
Travis Scott,skeletons
Travis Scott,r
Travis Scott,stop trying to be god
Travis Scott,coffee bean
Twenty One Pilots,chlorine
Twenty One Pilots,legend
Twenty One Pilots,bandito
Twenty One Pilots,cut my lip
Twenty One Pilots,neon gravestones
Twenty One Pilots,pet cheetah
Twenty One Pilots,the hype
Twenty One Pilots,nico and the niners
Twenty One Pilots,jumpsuit
Twenty One Pilots,levitate
Twenty One Pilots,my blood
Twenty One Pilots,leave the city
Twenty One Pilots,morph
Twenty One Pilots,smithereens
Twista,slow jamz
alt-J,dissolve me
alt-J,the gospel of john hurt
alt-J,matilda
alt-J,tessellate
alt-J,warm foothills
alt-J,pusher
alt-J,choice kingdom
alt-J,every other freckle
alt-J,leaving nara
alt-J,arrival in nara
alt-J,something good
alt-J,ms
alt-J,breezeblocks
alt-J,left hand free
alt-J,bloodflood
alt-J,hunger of the pine
alt-J,taro
alt-J,intro
alt-J,.DS_Store
alt-J,bloodflood pt ii
alt-J,fitzpleasure
alt-J,ripe and ruin
alt-J,nara
